node1,node2,correct_label,similarity,answer
23,1144,1,0.5,0
38,1476,0,0.5,0
42,1894,0,0.5,0
88,1134,0,0.5,0
97,1170,1,0.5,0
116,1154,0,0.5,0
164,1317,1,0.5,1
185,1357,1,0.5,0
204,1357,0,0.5,0
220,1367,1,0.5,1
277,1387,1,0.5,0
293,1171,0,0.5,0
293,1314,0,0.5,0
299,1506,0,0.5,0
343,1500,1,0.5,0
371,1557,1,0.5,0
385,1520,1,0.5,0
479,1531,0,0.5,0
482,1875,0,0.5,0
484,1873,0,0.5,0
512,1747,0,0.5,0
626,2031,0,0.5,0
665,1714,0,0.5,0
665,1716,0,0.5,0
665,1723,0,0.5,0
736,1857,1,0.5,0
765,1716,0,0.5,0
783,1372,0,0.5,0
901,1713,0,0.5,0
915,2087,0,0.5,0
915,2088,0,0.5,0
916,2086,0,0.5,0
917,2086,0,0.5,0
980,2139,1,0.5,0
985,2121,1,0.5,0
994,1737,0,0.5,0
44,1428,0,0.49586800000000003,0
750,1714,0,0.494253,0
750,1715,0,0.494253,0
750,1716,0,0.494253,0
750,1723,0,0.494253,0
543,1888,1,0.493976,0
464,1793,1,0.493827,0
552,1954,1,0.493827,0
555,1204,0,0.493827,0
966,1153,0,0.493671,0
723,1894,0,0.49350600000000006,0
466,1685,0,0.493151,0
492,1818,1,0.493151,0
88,1153,1,0.492958,0
596,1688,1,0.492958,0
903,2042,1,0.492537,0
915,2090,0,0.492537,0
915,2092,0,0.492537,0
920,2086,0,0.492537,0
921,2086,0,0.492537,0
478,1875,0,0.49230799999999997,0
480,1875,0,0.49230799999999997,0
481,1655,0,0.49230799999999997,0
481,1712,0,0.49230799999999997,0
481,2008,0,0.49230799999999997,0
483,1874,0,0.49230799999999997,0
484,1655,0,0.49230799999999997,0
484,1712,0,0.49230799999999997,0
484,1926,0,0.49230799999999997,0
135,1083,0,0.49206300000000003,0
408,1106,1,0.49206300000000003,0
545,1798,1,0.491803,0
546,1799,1,0.491803,0
547,1841,1,0.491803,0
591,1816,0,0.491803,0
10,1261,1,0.49090900000000004,0
60,1098,1,0.490566,1
694,1854,0,0.490566,0
699,1854,0,0.490566,0
906,2048,1,0.490385,0
447,2104,0,0.489796,0
594,1162,0,0.489796,0
706,1815,1,0.489796,0
798,1209,0,0.489796,0
57,1188,0,0.48936199999999996,0
281,1720,0,0.48913,0
797,1148,0,0.488889,0
798,1148,0,0.488889,0
956,1995,1,0.48837200000000003,0
126,1211,1,0.488095,0
80,1231,1,0.48780500000000004,1
177,1242,0,0.4875,0
384,2109,1,0.4875,0
772,1650,0,0.486842,0
773,1879,1,0.48611099999999996,1
615,1720,0,0.48598100000000005,0
616,1720,0,0.48598100000000005,0
644,1720,0,0.48598100000000005,0
645,1720,0,0.48598100000000005,0
858,1666,0,0.48571400000000003,0
1080,1104,1,0.48571400000000003,0
24,2126,0,0.48529399999999995,0
466,1686,0,0.48529399999999995,0
915,2089,0,0.48529399999999995,0
918,2086,0,0.48529399999999995,0
95,1180,1,0.48484799999999995,0
482,1655,0,0.48484799999999995,0
482,1712,0,0.48484799999999995,0
482,2008,0,0.48484799999999995,0
483,1873,0,0.48484799999999995,0
484,1962,0,0.48484799999999995,0
1029,1082,1,0.484375,0
88,1141,0,0.483871,0
476,2127,1,0.483871,1
774,1889,0,0.483871,0
903,2073,0,0.483871,0
65,1134,0,0.483333,0
20,1122,0,0.482759,0
21,1122,1,0.482759,0
765,1714,0,0.482759,0
765,1715,0,0.482759,0
766,2129,1,0.48214300000000004,0
329,1714,0,0.48192799999999997,0
329,1715,0,0.48192799999999997,0
329,1716,0,0.48192799999999997,0
329,1723,0,0.48192799999999997,0
754,1980,1,0.48192799999999997,0
469,1685,0,0.48148100000000005,0
525,1594,1,0.48148100000000005,0
528,1820,1,0.480519,0
737,1967,1,0.480519,0
880,2158,1,0.480519,0
882,2159,1,0.480519,0
132,1257,1,0.48,1
413,1262,0,0.48,0
447,2153,0,0.48,0
686,1656,0,0.48,0
686,1962,0,0.48,0
989,1989,0,0.48,0
166,1114,1,0.479167,1
435,1170,0,0.479167,0
289,1108,0,0.47887299999999994,0
597,2094,0,0.47887299999999994,0
1077,1608,0,0.47872299999999995,0
124,1160,1,0.478261,0
135,1082,0,0.478261,0
168,1241,1,0.478261,0
359,1247,1,0.478261,0
62,1158,0,0.477612,0
116,1153,0,0.477612,0
478,1655,0,0.477612,0
480,1655,0,0.477612,0
480,1712,0,0.477612,0
480,2008,0,0.477612,0
483,1655,0,0.477612,0
1026,1091,0,0.477612,0
357,1942,0,0.47727299999999995,0
320,1936,0,0.47692299999999993,0
743,1854,0,0.475728,0
672,1758,1,0.47561000000000003,0
79,1528,0,0.47541000000000005,0
84,1282,1,0.47541000000000005,0
199,1314,0,0.47541000000000005,0
382,1547,1,0.47541000000000005,0
717,1881,0,0.47541000000000005,0
717,1882,0,0.47541000000000005,0
717,1883,0,0.47541000000000005,0
61,1242,0,0.475,0
1020,1571,0,0.475,0
242,1162,0,0.474576,0
521,1620,0,0.47435900000000003,0
950,2074,0,0.47435900000000003,0
173,1440,0,0.47422700000000007,0
360,1128,0,0.473684,0
902,1624,0,0.473684,0
944,2110,1,0.473684,0
968,1917,0,0.473684,0
1064,1576,0,0.47311800000000004,0
257,1383,0,0.472973,0
266,1695,0,0.472973,0
596,1689,0,0.47222200000000003,0
785,1892,1,0.47222200000000003,0
910,2016,0,0.47222200000000003,0
928,2016,0,0.47222200000000003,0
89,1131,1,0.47169799999999995,1
979,2131,1,0.47169799999999995,0
1060,1369,0,0.47169799999999995,0
535,1714,0,0.471264,0
535,1715,0,0.471264,0
535,1716,0,0.471264,0
535,1723,0,0.471264,0
595,1714,0,0.471264,0
595,1715,0,0.471264,0
595,1716,0,0.471264,0
595,1723,0,0.471264,0
332,1467,0,0.470588,0
405,1634,0,0.470588,0
483,1962,0,0.470588,0
845,1900,1,0.470588,0
904,1623,0,0.470588,0
989,2153,0,0.470588,0
994,1331,0,0.470588,0
671,1759,1,0.46988,0
293,2045,0,0.469388,0
61,1128,1,0.46875,0
88,1156,0,0.46875,0
952,1269,1,0.46875,0
675,2065,1,0.468354,0
1019,1571,0,0.468354,0
33,1259,0,0.46808500000000003,0
634,2106,1,0.46808500000000003,1
88,1128,0,0.467742,0
339,1411,1,0.467742,0
633,1647,1,0.467742,0
761,1583,0,0.467742,0
864,1512,0,0.467742,0
865,1585,0,0.467742,0
578,2074,0,0.46753199999999995,0
676,1916,1,0.46753199999999995,0
678,1921,1,0.46753199999999995,0
683,1974,1,0.46753199999999995,0
684,1975,1,0.46753199999999995,0
685,1982,1,0.46753199999999995,0
966,1770,1,0.46753199999999995,0
43,1881,0,0.466667,0
43,1882,0,0.466667,0
43,1883,0,0.466667,0
113,1150,0,0.466667,0
440,1636,0,0.466667,0
440,1662,0,0.466667,0
441,1661,0,0.466667,0
441,1662,0,0.466667,0
523,1619,1,0.466667,0
763,1150,0,0.466667,0
959,1084,0,0.465753,0
34,1280,1,0.465517,0
275,1481,1,0.465517,0
338,1265,0,0.465517,0
360,1141,0,0.465517,0
417,1246,1,0.464912,1
96,2047,0,0.464286,0
127,1111,1,0.464286,0
210,1563,1,0.464286,0
432,1153,0,0.464286,0
524,1682,1,0.46341499999999997,1
992,1683,1,0.46341499999999997,0
247,1296,1,0.463158,0
13,1140,1,0.462963,0
352,1287,1,0.462963,0
637,1732,0,0.462963,0
1008,1506,0,0.462963,0
358,1514,1,0.462687,1
496,1655,0,0.462687,0
688,1928,1,0.462687,0
980,1963,0,0.462687,0
780,1331,0,0.4625,0
1003,1737,0,0.4625,0
443,1636,0,0.461538,0
443,1661,0,0.461538,0
481,1814,0,0.461538,0
484,1814,0,0.461538,0
627,1555,0,0.461538,0
629,1553,0,0.461538,0
688,1656,0,0.461538,0
688,1962,0,0.461538,0
990,1989,0,0.461538,0
990,2104,0,0.461538,0
534,1720,0,0.460674,0
658,1597,0,0.460674,0
658,1598,0,0.460674,0
658,1708,0,0.460674,0
256,1950,0,0.46052600000000005,0
688,1814,0,0.46052600000000005,0
58,1189,0,0.46031700000000003,0
836,2033,1,0.45976999999999996,0
842,1818,0,0.459459,0
252,1162,0,0.459016,0
282,1265,0,0.459016,0
408,1107,0,0.459016,0
513,2006,0,0.459016,0
809,1146,0,0.459016,0
403,1449,0,0.45882399999999995,0
67,1398,1,0.458333,0
122,1210,1,0.458333,0
206,1348,1,0.45794399999999996,0
168,1128,0,0.45762700000000006,0
217,1455,0,0.45762700000000006,0
274,1445,1,0.45762700000000006,1
355,1358,1,0.45762700000000006,0
782,1366,0,0.45762700000000006,0
990,1990,0,0.45762700000000006,0
368,1549,0,0.457143,0
781,1192,0,0.457143,0
78,1430,0,0.45679,0
298,1506,1,0.45614,0
300,1506,0,0.45614,0
402,1324,1,0.45614,1
901,1655,0,0.45588199999999995,0
928,2056,1,0.455696,0
950,2042,0,0.455696,0
165,1153,0,0.455556,0
33,1116,0,0.454545,0
33,1117,0,0.454545,0
63,1153,0,0.454545,0
101,1423,0,0.454545,0
313,1568,0,0.454545,0
313,1569,0,0.454545,0
481,1711,0,0.454545,0
482,1814,0,0.454545,0
484,1711,0,0.454545,0
496,1874,0,0.454545,0
496,1875,0,0.454545,0
611,1803,1,0.454545,0
646,1804,1,0.454545,0
688,1711,0,0.454545,0
695,1970,1,0.454545,0
720,1862,0,0.454545,0
855,1470,0,0.454545,0
1000,2157,1,0.454545,0
520,1620,1,0.453488,0
974,1482,0,0.453488,0
974,1764,0,0.453488,0
928,2055,0,0.453333,0
965,2055,0,0.453333,0
465,1658,1,0.453125,0
720,1880,0,0.453125,0
902,1735,0,0.453125,0
902,1736,0,0.453125,0
988,1736,0,0.453125,0
111,1179,0,0.45283,0
666,1714,0,0.452632,0
666,1715,0,0.452632,0
666,1716,0,0.452632,0
666,1723,0,0.452632,0
354,1287,0,0.45238100000000003,0
671,1758,0,0.45238100000000003,0
204,1385,0,0.451613,0
204,1539,0,0.451613,0
718,1881,0,0.451613,0
718,1882,0,0.451613,0
718,1883,0,0.451613,0
984,2023,1,0.451613,0
155,1322,1,0.45121999999999995,0
781,1521,0,0.45121999999999995,0
449,1989,0,0.45098,0
449,2104,0,0.45098,0
947,2073,1,0.450704,0
432,1242,0,0.450549,0
168,1141,0,0.45,0
360,1154,0,0.45,0
360,1156,0,0.45,0
637,1774,0,0.45,0
690,1864,0,0.45,0
690,1865,0,0.45,0
690,1866,0,0.45,0
690,1867,0,0.45,0
690,1868,0,0.45,0
738,1971,1,0.45,0
873,1207,0,0.45,0
963,2047,1,0.45,0
401,1714,0,0.449438,0
401,1715,0,0.449438,0
401,1716,0,0.449438,0
401,1723,0,0.449438,0
647,2116,0,0.449438,0
411,1727,1,0.449275,1
904,2073,0,0.449275,0
1038,1816,0,0.449275,0
4,1277,1,0.44898000000000005,0
346,1501,1,0.44898000000000005,0
577,2042,0,0.448718,0
577,2074,0,0.448718,0
578,2042,0,0.448718,0
1020,1521,1,0.448718,0
463,1093,1,0.448276,0
806,2131,0,0.448276,0
841,1902,1,0.448276,0
867,1618,0,0.448276,0
989,1990,0,0.448276,0
61,1154,0,0.44776099999999996,0
477,1814,0,0.44776099999999996,0
477,1874,0,0.44776099999999996,0
477,1875,0,0.44776099999999996,0
478,1814,0,0.44776099999999996,0
482,1711,0,0.44776099999999996,0
483,1814,0,0.44776099999999996,0
496,1873,0,0.44776099999999996,0
901,1874,0,0.44776099999999996,0
901,1875,0,0.44776099999999996,0
953,1938,1,0.44776099999999996,0
240,1447,1,0.446429,1
327,1513,1,0.446429,0
1037,2137,1,0.446429,0
88,1154,0,0.446154,0
469,1684,0,0.445783,0
280,1720,0,0.44554499999999997,0
942,1501,0,0.44554499999999997,0
44,1260,1,0.445161,0
550,1957,1,0.44444399999999995,1
598,1915,1,0.44444399999999995,0
688,1713,0,0.44444399999999995,0
767,1357,0,0.44444399999999995,0
829,2032,1,0.44444399999999995,0
884,1993,1,0.44444399999999995,0
1031,2136,1,0.44444399999999995,0
268,1426,0,0.44318199999999996,0
270,1426,0,0.44318199999999996,0
271,1430,0,0.44318199999999996,0
271,1431,0,0.44318199999999996,0
839,1896,1,0.44318199999999996,0
360,1240,0,0.44285699999999995,0
686,1713,0,0.44285699999999995,0
748,1620,0,0.44285699999999995,0
904,1735,0,0.44285699999999995,0
904,1736,0,0.44285699999999995,0
449,2153,0,0.442308,0
644,1716,1,0.442308,0
1000,1714,0,0.442105,0
1000,1715,0,0.442105,0
1000,1716,0,0.442105,0
1000,1723,0,0.442105,0
295,1944,1,0.44186000000000003,1
345,1562,0,0.441558,0
66,1153,0,0.441176,0
192,1223,0,0.441176,0
192,1542,0,0.441176,0
477,1711,0,0.441176,0
477,1873,0,0.441176,0
478,1711,0,0.441176,0
481,1656,0,0.441176,0
483,1711,0,0.441176,0
484,1656,0,0.441176,0
496,1712,0,0.441176,0
496,1926,0,0.441176,0
496,2008,0,0.441176,0
901,1873,0,0.441176,0
986,1689,1,0.441176,0
1064,1929,1,0.441176,0
357,1943,1,0.44086000000000003,0
806,1552,1,0.44067799999999996,0
961,2045,1,0.44067799999999996,0
472,1755,1,0.44,0
473,1766,1,0.44,0
329,1597,0,0.43956000000000006,0
329,1598,0,0.43956000000000006,0
329,1708,0,0.43956000000000006,0
61,1141,0,0.43939399999999995,0
686,1928,0,0.43939399999999995,0
767,1291,0,0.43939399999999995,0
309,1428,1,0.43925200000000003,0
72,1431,0,0.43902399999999997,0
268,1190,0,0.43902399999999997,0
163,1193,1,0.438596,1
498,1654,0,0.438596,0
368,1547,0,0.438356,0
781,1163,0,0.438356,0
886,1670,0,0.43820200000000004,0
390,1446,0,0.4375,0
487,2042,0,0.4375,0
487,2074,0,0.4375,0
756,1925,1,0.4375,0
881,1932,1,0.4375,1
902,1623,0,0.4375,0
903,1623,0,0.4375,0
927,2050,1,0.4375,0
1004,1175,1,0.4375,0
1013,1326,0,0.4375,0
244,1394,1,0.43678199999999995,0
367,1570,1,0.43636400000000003,0
435,2045,0,0.43636400000000003,0
185,1291,0,0.43589700000000003,0
331,1468,0,0.43589700000000003,0
988,1624,0,0.43589700000000003,0
1076,1651,1,0.435644,0
151,1290,1,0.43548400000000004,1
168,1154,0,0.43548400000000004,0
168,1156,0,0.43548400000000004,0
360,1134,0,0.43548400000000004,0
701,1454,0,0.43548400000000004,0
890,2060,1,0.43529399999999996,0
428,1220,0,0.434783,0
428,1223,0,0.434783,0
477,1655,0,0.434783,0
482,1656,0,0.434783,0
901,1712,0,0.434783,0
901,1926,0,0.434783,0
901,2008,0,0.434783,0
919,2087,0,0.434783,0
919,2088,0,0.434783,0
985,2122,0,0.434783,0
670,1669,0,0.43421099999999996,0
307,1468,0,0.43373500000000004,0
710,1973,1,0.43373500000000004,0
227,1528,1,0.43283599999999994,0
422,1385,0,0.43283599999999994,0
560,1960,1,0.43283599999999994,0
721,1862,0,0.43283599999999994,0
748,1618,0,0.432432,0
748,2018,0,0.432432,0
522,1617,1,0.43209899999999996,0
741,1972,1,0.43209899999999996,0
840,1906,1,0.43181800000000004,0
843,1896,0,0.43181800000000004,0
843,1901,1,0.43181800000000004,0
1012,1714,0,0.431579,0
1012,1715,0,0.431579,0
1012,1716,0,0.431579,0
1012,1723,0,0.431579,0
373,1257,0,0.43137299999999995,0
447,1990,0,0.43103400000000003,0
591,1732,0,0.43103400000000003,0
962,2046,1,0.43103400000000003,0
291,1476,1,0.43076899999999996,0
721,1880,0,0.43076899999999996,0
903,1735,0,0.43076899999999996,0
903,1736,0,0.43076899999999996,0
988,1735,0,0.43076899999999996,0
346,1500,0,0.43055600000000005,0
620,1842,0,0.43055600000000005,0
318,1388,1,0.43038000000000004,1
709,1650,0,0.43038000000000004,0
757,1596,1,0.430233,1
889,2061,1,0.430233,0
97,1171,0,0.428571,0
111,1180,0,0.428571,0
178,1539,1,0.428571,0
226,1329,0,0.428571,0
241,1419,1,0.428571,1
293,1448,0,0.428571,0
360,1241,0,0.428571,0
440,1663,0,0.428571,0
441,1663,0,0.428571,0
467,1659,1,0.428571,0
470,1660,1,0.428571,0
477,1656,0,0.428571,0
477,1962,0,0.428571,0
478,1656,0,0.428571,0
483,1656,0,0.428571,0
521,1618,1,0.428571,0
587,1287,0,0.428571,0
608,1654,1,0.428571,0
656,1568,0,0.428571,0
656,1569,0,0.428571,0
779,1088,1,0.428571,1
826,1987,1,0.428571,0
834,1933,1,0.428571,1
869,2018,1,0.428571,0
911,1480,0,0.428571,0
919,2092,0,0.428571,0
951,1582,1,0.428571,0
1038,1774,0,0.428571,0
535,1720,0,0.427083,0
595,1720,0,0.427083,0
665,1597,0,0.427083,0
665,1598,0,0.427083,0
665,1708,0,0.427083,0
487,1624,1,0.426966,0
598,1371,0,0.426966,0
1031,1415,0,0.426966,0
61,1156,0,0.426471,0
790,1599,1,0.426471,0
593,1773,1,0.42623,1
806,1244,0,0.42623,0
176,1265,1,0.425926,0
561,1594,0,0.425926,0
907,1557,0,0.425926,0
961,1170,0,0.425926,0
108,1399,1,0.424658,0
445,1713,0,0.424658,0
1057,1389,1,0.424658,0
286,1359,1,0.424242,0
324,1387,0,0.424242,0
717,1894,0,0.424242,0
1001,1701,1,0.424242,0
443,1663,0,0.423913,0
548,1746,0,0.423729,0
548,1747,0,0.423729,0
672,1759,0,0.423529,0
1074,1412,1,0.423529,1
436,1108,0,0.42307700000000004,0
684,2103,0,0.42307700000000004,0
1039,1946,0,0.42307700000000004,0
750,1597,0,0.42268,0
750,1598,0,0.42268,0
750,1708,0,0.42268,0
919,2086,0,0.42253500000000005,0
919,2089,0,0.42253500000000005,0
844,1905,1,0.42222200000000004,0
168,1134,0,0.421875,0
228,1690,0,0.421875,0
545,1799,0,0.421875,0
545,1841,0,0.421875,0
546,1798,0,0.421875,0
546,1841,0,0.421875,0
547,1798,0,0.421875,0
547,1799,0,0.421875,0
637,1781,0,0.421875,0
714,1732,1,0.421875,0
931,2069,1,0.421875,0
263,1298,1,0.421687,0
1006,1695,0,0.421687,0
185,1539,0,0.42105299999999996,0
540,1726,1,0.42105299999999996,0
733,1857,0,0.42105299999999996,0
826,1557,0,0.42105299999999996,0
845,1896,0,0.420455,0
845,1902,0,0.420455,0
998,1625,1,0.420455,0
177,1156,0,0.42028999999999994,0
192,1599,0,0.42028999999999994,0
986,1688,0,0.42028999999999994,0
88,1242,0,0.419753,0
869,1620,0,0.419753,0
85,1230,1,0.41935500000000003,0
97,1448,0,0.41935500000000003,0
165,1241,0,0.41935500000000003,0
807,2131,0,0.41935500000000003,0
853,1909,1,0.41935500000000003,0
620,1843,0,0.418919,0
890,2061,0,0.418605,0
42,1881,0,0.41791000000000006,0
42,1882,0,0.41791000000000006,0
42,1883,0,0.41791000000000006,0
277,1421,0,0.41791000000000006,0
591,1781,0,0.41791000000000006,0
29,1130,1,0.41772200000000004,1
446,1712,0,0.41772200000000004,0
648,2116,1,0.41758199999999995,0
430,1308,1,0.416667,0
808,1872,1,0.416667,0
266,2135,0,0.41573000000000004,0
840,1896,0,0.41573000000000004,0
840,1900,0,0.41573000000000004,0
840,1902,0,0.41573000000000004,0
841,1896,0,0.41573000000000004,0
841,1900,0,0.41573000000000004,0
843,1900,0,0.41573000000000004,0
843,1902,0,0.41573000000000004,0
1038,1931,1,0.41573000000000004,0
20,1121,1,0.41538500000000006,0
21,1121,0,0.41538500000000006,0
154,1329,1,0.41538500000000006,0
932,2113,1,0.41538500000000006,0
988,1623,0,0.41538500000000006,0
988,2073,0,0.41538500000000006,0
594,1329,0,0.41509399999999996,0
594,1527,0,0.41509399999999996,0
615,1716,0,0.41509399999999996,0
615,1723,0,0.41509399999999996,0
616,1716,0,0.41509399999999996,0
616,1723,0,0.41509399999999996,0
644,1723,0,0.41509399999999996,0
645,1716,0,0.41509399999999996,0
645,1723,0,0.41509399999999996,0
809,1142,1,0.41509399999999996,0
165,1240,0,0.414894,0
485,1691,1,0.414894,0
278,1602,1,0.414634,0
61,1134,0,0.414286,0
65,1153,0,0.414286,0
370,1546,1,0.414286,0
428,1599,0,0.414286,0
497,1645,1,0.414286,0
499,1638,1,0.414286,0
536,1721,1,0.414286,0
231,1433,1,0.413793,0
434,1179,0,0.413793,0
833,1131,1,0.413793,0
889,2060,0,0.413793,0
577,1735,1,0.413333,0
578,1736,1,0.413333,0
111,1165,0,0.41304300000000005,0
111,1168,0,0.41304300000000005,0
111,1169,0,0.41304300000000005,0
852,1898,1,0.41304300000000005,0
973,1449,0,0.41304300000000005,0
974,1760,0,0.41304300000000005,0
282,1264,0,0.41269799999999995,0
807,1503,1,0.41269799999999995,0
883,1992,1,0.41269799999999995,0
943,2031,1,0.41269799999999995,0
445,1655,0,0.4125,0
653,1920,1,0.4125,0
654,1924,1,0.4125,0
401,1597,0,0.412371,0
401,1598,0,0.412371,0
401,1708,0,0.412371,0
765,1597,0,0.412371,0
765,1598,0,0.412371,0
765,1708,0,0.412371,0
55,1148,0,0.41176499999999994,0
177,1141,0,0.41176499999999994,0
422,1357,0,0.41176499999999994,0
422,1539,0,0.41176499999999994,0
659,1347,0,0.41176499999999994,0
748,1617,0,0.41176499999999994,0
1030,1444,1,0.41176499999999994,0
906,1691,0,0.41121499999999994,0
839,1900,0,0.41111099999999995,0
839,1901,0,0.41111099999999995,0
839,1902,0,0.41111099999999995,0
886,1668,0,0.41111099999999995,0
168,1240,0,0.410959,0
446,1713,0,0.410959,0
545,1840,0,0.410959,0
546,1840,0,0.410959,0
547,1840,0,0.410959,0
597,1701,0,0.410959,0
620,2031,0,0.410959,0
714,1781,0,0.410959,0
858,1701,0,0.410959,0
199,1170,0,0.410714,0
627,1554,0,0.410526,0
628,1553,0,0.410526,0
649,1540,1,0.41,1
233,1266,1,0.409836,1
762,2004,0,0.409836,0
927,1622,0,0.409836,0
980,1654,0,0.409836,0
552,1955,0,0.40963900000000003,0
801,1149,1,0.40963900000000003,0
15,1126,1,0.409091,0
16,1138,1,0.409091,0
587,1699,1,0.409091,0
891,2050,0,0.409091,0
933,2112,1,0.409091,0
1056,2169,1,0.409091,1
1078,1979,1,0.409091,0
846,1897,1,0.408602,0
971,1449,0,0.408602,0
813,1985,1,0.408451,1
903,2074,0,0.408451,0
912,2092,0,0.408451,0
1026,1083,0,0.408451,0
503,1635,1,0.408163,0
561,1671,1,0.408163,0
1018,2125,1,0.408163,0
103,1291,1,0.407407,0
939,1648,1,0.407407,0
1053,2156,1,0.407407,1
522,1620,0,0.406977,0
97,1314,0,0.40678000000000003,0
227,1329,0,0.40678000000000003,0
227,1527,0,0.40678000000000003,0
258,1395,1,0.40678000000000003,0
970,2129,0,0.40678000000000003,0
844,1896,0,0.406593,0
844,1900,0,0.406593,0
844,1902,0,0.406593,0
245,1394,0,0.40625,0
377,1912,0,0.40625,0
423,1275,0,0.40625,0
495,1612,1,0.40625,1
1034,2003,1,0.40625,0
842,1956,1,0.405941,0
446,1928,0,0.40579699999999996,0
655,1643,0,0.40579699999999996,0
490,1623,1,0.405405,0
716,1781,1,0.405405,0
776,1781,0,0.405405,0
947,2042,0,0.405063,0
329,1381,1,0.404494,0
780,1328,0,0.404494,0
845,1899,0,0.404494,0
845,1901,0,0.404494,0
845,1903,0,0.404494,0
845,1905,0,0.404494,0
845,1906,0,0.404494,0
787,1393,1,0.40425500000000003,0
853,1898,0,0.40425500000000003,0
134,1284,1,0.403846,1
43,1880,0,0.403509,0
97,2045,0,0.403509,0
541,1672,1,0.403361,0
718,1894,0,0.402985,0
936,2072,1,0.402985,1
225,1344,0,0.402778,0
791,1709,0,0.402778,0
185,1385,0,0.402597,0
536,1383,0,0.402597,0
904,2042,0,0.402597,0
904,2074,0,0.402597,0
1026,1082,0,0.402597,0
753,1983,1,0.402439,0
910,2056,0,0.402439,0
965,2056,0,0.402439,0
615,1714,0,0.40186900000000003,0
615,1715,0,0.40186900000000003,0
616,1714,0,0.40186900000000003,0
616,1715,0,0.40186900000000003,0
644,1714,0,0.40186900000000003,0
644,1715,0,0.40186900000000003,0
645,1714,0,0.40186900000000003,0
645,1715,0,0.40186900000000003,0
78,1190,1,0.4,0
123,1475,0,0.4,0
243,1831,0,0.4,0
251,1597,0,0.4,0
251,1598,0,0.4,0
251,1708,0,0.4,0
290,1428,0,0.4,0
354,1188,0,0.4,0
406,1710,0,0.4,0
433,1179,0,0.4,0
435,1179,0,0.4,0
445,1928,0,0.4,0
452,2062,1,0.4,0
453,1589,1,0.4,0
489,1576,1,0.4,0
588,1311,1,0.4,0
589,1313,1,0.4,0
590,1312,1,0.4,0
596,1666,0,0.4,0
597,1688,0,0.4,0
689,1700,1,0.4,0
767,1539,0,0.4,0
807,1244,0,0.4,0
840,1899,0,0.4,0
840,1901,0,0.4,0
840,1903,0,0.4,0
840,1905,0,0.4,0
841,1899,0,0.4,0
841,1901,0,0.4,0
841,1903,0,0.4,0
841,1905,0,0.4,0
841,1906,0,0.4,0
843,1899,0,0.4,0
843,1903,0,0.4,0
843,1905,0,0.4,0
843,1906,0,0.4,0
902,2043,0,0.4,0
903,2043,0,0.4,0
934,2112,0,0.4,0
934,2113,0,0.4,0
1061,1743,1,0.4,0
492,1744,1,0.39805799999999997,0
1012,1597,0,0.39805799999999997,0
1012,1598,0,0.39805799999999997,0
1012,1708,0,0.39805799999999997,0
847,1904,1,0.39784899999999995,0
832,2006,1,0.397436,0
981,2119,1,0.39726,0
35,1118,1,0.397059,0
171,1128,0,0.397059,0
177,1128,0,0.397059,0
560,1640,0,0.397059,0
941,1500,0,0.397059,0
1050,2010,0,0.397059,0
348,1520,0,0.396825,0
563,1846,1,0.396825,0
1073,1705,1,0.396825,1
664,1337,1,0.396552,0
271,1428,0,0.396226,0
562,1946,0,0.396226,0
562,1969,0,0.396226,0
1009,2080,1,0.396226,1
1039,1969,0,0.396226,0
356,1943,0,0.395833,0
839,1899,0,0.395604,0
839,1903,0,0.395604,0
839,1905,0,0.395604,0
839,1906,0,0.395604,0
950,1624,0,0.395604,0
189,1951,1,0.39534899999999995,0
688,1712,0,0.39506199999999997,0
688,1926,0,0.39506199999999997,0
688,2008,0,0.39506199999999997,0
510,1675,0,0.394737,0
527,1550,1,0.394737,0
922,2086,0,0.394737,0
67,1399,0,0.394366,0
714,1774,0,0.394366,0
267,1428,0,0.394231,0
536,1222,0,0.393939,0
716,1732,0,0.393939,0
932,2112,0,0.393939,0
846,1898,0,0.393617,0
849,1907,1,0.393617,0
393,1386,1,0.393443,0
434,1180,0,0.393443,0
717,1862,0,0.393443,0
961,1171,0,0.393443,0
267,1430,0,0.393258,0
267,1431,0,0.393258,0
329,1383,0,0.393258,0
372,1915,0,0.393258,0
262,1418,1,0.392857,0
446,1874,0,0.392405,0
446,1875,0,0.392405,0
521,1617,0,0.392405,0
523,1617,0,0.392405,0
185,1249,0,0.391892,0
197,1199,1,0.391753,0
111,1170,0,0.391304,0
171,1141,0,0.391304,0
281,1714,0,0.391304,0
281,1715,0,0.391304,0
281,1716,0,0.391304,0
281,1723,0,0.391304,0
539,2109,0,0.391304,0
748,1619,0,0.391304,0
844,1899,0,0.391304,0
844,1901,0,0.391304,0
844,1903,0,0.391304,0
844,1906,0,0.391304,0
855,1568,0,0.391304,0
855,1569,0,0.391304,0
185,1621,0,0.390805,0
464,1755,0,0.390805,0
464,1766,0,0.390805,0
128,1109,1,0.390625,0
581,1762,1,0.390625,0
582,1757,1,0.390625,0
619,1801,1,0.390625,0
621,1749,1,0.390625,0
636,1745,1,0.390625,0
804,1776,1,0.390625,1
854,2053,1,0.390625,1
878,2070,1,0.390625,0
666,1597,0,0.39047600000000005,0
666,1598,0,0.39047600000000005,0
666,1708,0,0.39047600000000005,0
639,1967,0,0.390244,0
639,2159,0,0.390244,0
377,2009,0,0.389831,0
717,1880,0,0.389831,0
337,1474,1,0.38961,1
1051,1414,1,0.38961,1
851,1908,1,0.389474,0
853,1897,0,0.389474,0
853,1904,0,0.389474,0
853,1907,0,0.389474,0
853,1908,0,0.389474,0
511,1674,1,0.389381,0
177,1134,0,0.388889,0
249,1534,0,0.388889,0
421,1477,0,0.388889,0
488,1626,1,0.388889,0
719,1881,0,0.388889,0
719,1882,0,0.388889,0
719,1883,0,0.388889,0
802,1318,0,0.388889,0
842,1744,0,0.38835,0
306,1211,0,0.388235,0
257,1222,0,0.38806,0
421,1621,0,0.38806,0
933,2113,0,0.38806,0
935,2112,0,0.38806,0
935,2113,0,0.38806,0
325,1649,1,0.3875,0
445,1874,0,0.3875,0
445,1875,0,0.3875,0
446,1873,0,0.3875,0
678,2103,0,0.3875,0
683,2103,0,0.3875,0
688,1874,0,0.3875,0
688,1875,0,0.3875,0
982,2149,1,0.3875,0
1019,1521,0,0.3875,0
32,1725,1,0.38709699999999997,0
158,1289,0,0.38709699999999997,0
285,1195,0,0.38709699999999997,0
509,1694,1,0.38709699999999997,1
889,1587,0,0.38709699999999997,0
889,1590,0,0.38709699999999997,0
1039,1913,0,0.38709699999999997,0
596,1701,0,0.386667,0
977,2058,0,0.386667,0
354,1189,0,0.385965,0
435,1171,0,0.385965,0
783,1808,1,0.385965,0
786,1754,0,0.385965,0
793,1984,1,0.385965,0
28,1129,1,0.385714,1
63,1241,0,0.385714,0
463,1099,0,0.385714,0
510,1747,1,0.385714,0
655,1640,0,0.385714,0
674,1864,0,0.385714,0
674,1865,0,0.385714,0
674,1866,0,0.385714,0
674,1867,0,0.385714,0
674,1868,0,0.385714,0
691,1864,0,0.385714,0
691,1865,0,0.385714,0
691,1866,0,0.385714,0
691,1867,0,0.385714,0
691,1868,0,0.385714,0
761,1616,0,0.385714,0
1057,1128,0,0.385714,0
1040,2021,1,0.385542,0
54,1208,1,0.384615,0
57,1189,1,0.384615,0
154,1162,0,0.384615,0
160,1321,1,0.384615,0
360,1242,0,0.384615,0
472,1766,0,0.384615,0
472,1793,0,0.384615,0
473,1755,0,0.384615,0
473,1793,0,0.384615,0
474,1650,0,0.384615,0
686,1874,0,0.384615,0
686,1875,0,0.384615,0
852,1902,0,0.384615,0
950,1735,0,0.384615,0
950,1736,0,0.384615,0
43,1862,0,0.383333,0
668,1170,0,0.383333,0
847,1898,0,0.382979,0
889,1588,0,0.382979,0
445,1873,0,0.382716,0
446,1926,0,0.382716,0
446,2008,0,0.382716,0
688,1873,0,0.382716,0
983,2134,1,0.382716,0
142,2030,1,0.382022,0
632,1650,0,0.382022,0
753,1980,0,0.382022,0
790,1720,0,0.382022,0
202,1361,1,0.381579,0
501,1644,1,0.381579,0
502,1643,1,0.381579,0
504,1639,1,0.381579,0
505,1641,1,0.381579,0
506,1640,1,0.381579,0
597,1689,0,0.381579,0
858,1688,0,0.381579,0
858,1689,0,0.381579,0
976,2057,0,0.381579,0
628,1555,0,0.381443,0
629,1554,0,0.381443,0
1,1135,1,0.380952,0
156,1218,1,0.380952,0
167,1911,1,0.380952,0
433,1180,0,0.380952,0
435,1180,0,0.380952,0
522,1619,0,0.380952,0
623,1609,1,0.380952,1
790,1381,0,0.380952,0
1000,1597,0,0.380952,0
1000,1598,0,0.380952,0
1000,1708,0,0.380952,0
1029,1083,0,0.380952,0
630,1954,0,0.38043499999999997,0
846,1899,0,0.38043499999999997,0
63,1240,0,0.380282,0
171,1154,0,0.380282,0
171,1156,0,0.380282,0
177,1154,0,0.380282,0
283,1441,0,0.380282,0
655,1960,0,0.380282,0
988,2043,0,0.380282,0
1057,1141,0,0.380282,0
760,1994,1,0.38,0
686,1873,0,0.379747,0
959,1173,0,0.379747,0
521,2018,0,0.37931,0
611,1804,0,0.37931,0
611,1970,0,0.37931,0
611,1984,0,0.37931,0
646,1803,0,0.37931,0
646,1970,0,0.37931,0
646,1984,0,0.37931,0
695,1803,0,0.37931,0
695,1804,0,0.37931,0
695,1984,0,0.37931,0
712,1869,0,0.37931,0
712,1870,0,0.37931,0
712,1871,1,0.37931,0
713,1869,1,0.37931,0
713,1870,0,0.37931,0
713,1871,0,0.37931,0
869,1618,0,0.37931,0
1040,1337,0,0.37931,0
846,1904,0,0.378947,0
846,1907,0,0.378947,0
846,1908,0,0.378947,0
846,1909,0,0.378947,0
849,1898,0,0.378947,0
668,1171,0,0.378788,0
767,1385,0,0.378788,0
251,1417,1,0.378641,0
948,1623,0,0.37837800000000005,0
948,2073,0,0.37837800000000005,0
1057,1134,0,0.37837800000000005,0
446,1962,0,0.37804899999999997,0
688,1655,0,0.37804899999999997,0
742,1975,0,0.37804899999999997,0
178,1291,0,0.377778,0
268,1427,0,0.377778,0
270,1427,0,0.377778,0
109,1515,0,0.376812,0
199,1448,0,0.376812,0
419,1377,1,0.376812,0
560,1643,0,0.376812,0
842,1500,0,0.376812,0
297,1999,0,0.376623,0
308,1467,0,0.376623,0
596,2094,0,0.376623,0
723,1862,0,0.376623,0
501,1925,0,0.376471,0
505,1925,0,0.376471,0
853,1896,0,0.376344,0
853,1900,0,0.376344,0
853,1902,0,0.376344,0
890,1587,0,0.376344,0
890,1590,0,0.376344,0
9,1119,1,0.375,0
66,1241,0,0.375,0
126,2054,0,0.375,0
165,1155,1,0.375,0
168,1242,0,0.375,0
193,1346,1,0.375,0
195,1562,0,0.375,0
281,1384,1,0.375,0
329,1382,0,0.375,0
360,1153,0,0.375,0
686,1655,0,0.375,0
686,1712,0,0.375,0
686,1926,0,0.375,0
686,2008,0,0.375,0
714,1816,0,0.375,0
851,1898,0,0.375,0
950,2082,1,0.375,0
961,1314,0,0.375,0
1052,1380,1,0.375,0
1069,2172,1,0.375,1
575,1668,0,0.373626,0
577,1624,0,0.373626,0
578,1624,0,0.373626,0
445,1962,0,0.373494,0
639,2158,0,0.373494,0
737,2158,0,0.373494,0
737,2159,0,0.373494,0
880,1967,0,0.373494,0
880,2159,0,0.373494,0
882,1967,0,0.373494,0
882,2158,0,0.373494,0
1057,1240,0,0.373494,0
536,1417,0,0.37333299999999997,0
723,1880,0,0.37333299999999997,0
947,1623,0,0.37333299999999997,0
948,1735,0,0.37333299999999997,0
948,1736,0,0.37333299999999997,0
94,1180,0,0.373134,0
369,1549,1,0.373134,0
776,1732,0,0.373134,0
794,1244,0,0.373134,0
964,2045,0,0.373134,0
1038,1732,0,0.373134,0
25,1124,1,0.372881,1
165,1242,0,0.37254899999999996,0
434,1165,0,0.37254899999999996,0
434,1168,0,0.37254899999999996,0
434,1169,0,0.37254899999999996,0
198,1325,1,0.37234,0
648,2115,0,0.37234,0
890,1588,0,0.37234,0
254,1814,0,0.372093,0
735,1857,0,0.372093,0
307,1467,0,0.371795,0
544,1840,1,0.371795,0
950,2073,0,0.371795,0
998,1735,0,0.371795,0
998,1736,0,0.371795,0
69,1304,1,0.371429,0
759,1174,0,0.371429,0
290,1430,0,0.371134,0
290,1431,0,0.371134,0
309,1430,0,0.371134,0
309,1431,0,0.371134,0
574,1792,1,0.37096799999999996,0
718,1862,1,0.37096799999999996,0
768,1887,1,0.370787,1
100,1102,0,0.37037,0
508,1692,1,0.37037,1
746,1829,1,0.37037,1
747,1834,1,0.37037,1
65,1241,0,0.369863,0
66,1240,0,0.369863,0
116,1241,0,0.369863,0
171,1134,0,0.369863,0
467,1660,0,0.369863,0
470,1659,0,0.369863,0
716,1774,0,0.369863,0
716,1816,0,0.369863,0
776,1774,0,0.369863,0
776,1816,0,0.369863,0
924,2077,1,0.369863,0
959,1086,0,0.369863,0
1057,1154,0,0.369863,0
1057,1156,0,0.369863,0
575,1670,0,0.36956500000000003,0
847,1896,0,0.36956500000000003,0
847,1901,0,0.36956500000000003,0
131,1515,0,0.369231,0
576,1162,0,0.369231,0
576,1667,1,0.369231,0
943,1842,0,0.369231,0
523,1620,0,0.369048,0
188,1397,1,0.36893200000000004,0
257,1417,0,0.368421,0
847,1897,0,0.368421,0
847,1907,0,0.368421,0
847,1908,0,0.368421,0
847,1909,0,0.368421,0
852,1897,0,0.368421,0
852,1904,0,0.368421,0
852,1907,0,0.368421,0
852,1908,0,0.368421,0
852,1909,0,0.368421,0
923,2092,0,0.368421,0
947,1735,0,0.368421,0
947,1736,0,0.368421,0
117,1106,0,0.367816,0
254,1711,0,0.367816,0
904,1625,0,0.367816,0
904,1626,0,0.367816,0
1048,1379,1,0.367816,0
948,2043,0,0.367089,0
949,1735,0,0.367089,0
949,1736,0,0.367089,0
10,1139,0,0.366667,0
40,2066,1,0.366667,0
331,1471,0,0.366667,0
332,1471,0,0.366667,0
416,1466,1,0.366667,0
435,1314,0,0.366667,0
527,1471,0,0.366667,0
718,1880,0,0.366667,0
734,1946,0,0.366667,0
221,1396,1,0.366197,0
790,1223,0,0.366197,0
191,1221,1,0.365854,0
608,1963,0,0.365854,0
107,1108,0,0.365591,0
846,1896,0,0.365591,0
846,1900,0,0.365591,0
846,1902,0,0.365591,0
849,1903,0,0.365591,0
354,1227,0,0.365385,0
143,1701,0,0.365079,0
297,1506,0,0.365079,0
729,1128,0,0.365079,0
788,1472,1,0.365079,1
65,1240,0,0.364865,0
116,1240,0,0.364865,0
168,1153,0,0.364865,0
254,1541,1,0.364865,0
930,2059,1,0.364865,1
536,1720,0,0.364706,0
738,1972,0,0.364706,0
823,1800,1,0.364706,1
189,1954,0,0.364583,0
849,1897,0,0.364583,0
849,1904,0,0.364583,0
849,1908,0,0.364583,0
849,1909,0,0.364583,0
178,1357,0,0.363636,0
200,1341,0,0.363636,0
577,2073,0,0.363636,0
578,2073,0,0.363636,0
803,2007,1,0.363636,1
904,1624,0,0.363636,0
975,2057,0,0.363636,0
1017,2057,0,0.363636,0
1017,2058,0,0.363636,0
121,1350,1,0.36283200000000004,1
942,1956,0,0.36283200000000004,0
855,1451,1,0.3625,0
875,1620,0,0.3625,0
38,1252,1,0.36206900000000003,0
162,1546,0,0.36206900000000003,0
492,1956,0,0.36190500000000003,0
191,1597,0,0.361702,0
191,1598,0,0.361702,0
191,1708,0,0.361702,0
304,1580,1,0.361702,1
851,1905,0,0.361702,0
853,1899,0,0.361702,0
853,1901,0,0.361702,0
853,1903,0,0.361702,0
853,1905,0,0.361702,0
853,1906,0,0.361702,0
676,1973,0,0.361446,0
678,1974,0,0.361446,0
681,1973,0,0.361446,0
683,1921,0,0.361446,0
683,1982,0,0.361446,0
684,1982,0,0.361446,0
685,1974,0,0.361446,0
685,1975,0,0.361446,0
866,1620,0,0.361446,0
1057,1241,0,0.361446,0
133,1233,1,0.361111,1
426,1564,0,0.361111,0
663,1347,0,0.361111,0
1061,1500,0,0.361111,0
851,1897,0,0.360825,0
851,1904,0,0.360825,0
851,1907,0,0.360825,0
851,1909,0,0.360825,0
426,1466,0,0.360656,0
1039,1842,0,0.360656,0
1039,2031,0,0.360656,0
428,1383,0,0.36046500000000004,0
886,1664,0,0.36046500000000004,0
1023,1521,0,0.36046500000000004,0
33,1139,0,0.36,0
169,1340,1,0.36,0
281,1597,0,0.36,0
281,1598,0,0.36,0
281,1708,0,0.36,0
956,2139,0,0.36,0
703,1854,0,0.359649,0
704,1854,0,0.359649,0
942,1744,0,0.359649,0
254,1656,0,0.359551,0
254,1962,0,0.359551,0
42,1880,0,0.359375,0
79,1497,0,0.359375,0
143,1666,0,0.359375,0
199,2045,0,0.359375,0
327,2077,0,0.359375,0
729,1141,0,0.359375,0
782,1831,0,0.359375,0
506,1960,0,0.35897399999999996,0
577,1736,0,0.35897399999999996,0
578,1735,0,0.35897399999999996,0
977,2051,0,0.35897399999999996,0
998,1623,0,0.35897399999999996,0
998,2073,0,0.35897399999999996,0
84,1455,0,0.358491,0
111,1171,0,0.358491,0
433,1165,0,0.358491,0
433,1168,0,0.358491,0
433,1169,0,0.358491,0
435,1165,0,0.358491,0
435,1168,0,0.358491,0
435,1169,0,0.358491,0
956,2121,0,0.358491,0
956,2122,0,0.358491,0
511,1673,0,0.358333,0
264,2129,0,0.358209,0
388,1506,0,0.358209,0
389,1506,0,0.358209,0
660,1517,0,0.358209,0
934,2069,0,0.358209,0
943,1843,0,0.358209,0
943,1945,0,0.358209,0
446,1814,0,0.358025,0
785,1386,0,0.358025,0
869,1619,0,0.358025,0
1043,1934,1,0.35789499999999996,1
949,2075,1,0.357664,0
79,1541,0,0.357143,0
131,1188,0,0.357143,0
136,1287,0,0.357143,0
206,1356,0,0.357143,0
436,1084,1,0.357143,0
575,1669,0,0.357143,0
632,1946,1,0.357143,0
728,1741,1,0.357143,1
907,1987,0,0.357143,0
998,2042,0,0.357143,0
998,2074,0,0.357143,0
1001,1666,0,0.357143,0
1036,1989,0,0.357143,0
1036,2104,0,0.357143,0
280,1714,0,0.35643600000000003,0
280,1715,0,0.35643600000000003,0
280,1716,0,0.35643600000000003,0
280,1723,0,0.35643600000000003,0
72,1430,0,0.35632199999999997,0
78,1431,0,0.35632199999999997,0
270,1190,0,0.35632199999999997,0
499,1643,0,0.356164,0
536,1221,0,0.356164,0
555,1515,0,0.356164,0
1023,1210,0,0.356164,0
1028,1083,1,0.356164,0
159,1289,1,0.355932,1
371,1987,0,0.355932,0
424,1366,0,0.355932,0
511,1672,0,0.35537199999999997,0
756,1641,0,0.355263,0
953,1827,0,0.355263,0
966,1128,0,0.355263,0
58,1515,0,0.35483899999999996,0
847,1900,0,0.35483899999999996,0
847,1902,0,0.35483899999999996,0
852,1896,0,0.35483899999999996,0
852,1900,0,0.35483899999999996,0
998,1624,0,0.35483899999999996,0
488,1735,0,0.35443,0
488,1736,0,0.35443,0
560,1925,0,0.35443,0
859,1925,0,0.35443,0
949,1623,0,0.35443,0
949,2073,0,0.35443,0
950,1623,0,0.35443,0
975,2051,0,0.35443,0
976,2051,0,0.35443,0
1062,2060,0,0.35443,0
1062,2061,0,0.35443,0
161,1108,0,0.354167,0
293,1165,0,0.354167,0
293,1168,0,0.354167,0
293,1169,0,0.354167,0
841,1898,0,0.354167,0
143,2094,0,0.353846,0
536,1722,0,0.353846,0
445,1814,0,0.353659,0
446,1711,0,0.353659,0
685,2103,0,0.353659,0
780,1149,0,0.353659,0
902,1625,0,0.353659,0
902,1626,0,0.353659,0
903,1626,0,0.353659,0
947,2074,0,0.353659,0
130,1950,1,0.352941,0
586,1533,1,0.352941,1
692,1869,0,0.352941,0
692,1870,0,0.352941,0
692,1871,0,0.352941,0
693,1869,0,0.352941,0
693,1870,0,0.352941,0
693,1871,0,0.352941,0
949,2074,0,0.352941,0
837,2033,0,0.352273,0
492,1500,0,0.352113,0
512,1274,0,0.352113,0
660,1347,0,0.352113,0
661,1347,0,0.352113,0
662,1347,0,0.352113,0
859,1960,0,0.352113,0
986,1701,0,0.352113,0
1001,1689,0,0.352113,0
1001,2094,0,0.352113,0
658,1383,0,0.351648,0
790,1382,0,0.351648,0
257,1221,0,0.351351,0
343,2140,0,0.351351,0
354,1584,0,0.351351,0
598,1415,0,0.351064,0
846,1901,0,0.351064,0
846,1903,0,0.351064,0
846,1905,0,0.351064,0
846,1906,0,0.351064,0
849,1896,0,0.351064,0
849,1900,0,0.351064,0
849,1902,0,0.351064,0
1031,1371,0,0.351064,0
94,1165,0,0.350877,0
94,1168,0,0.350877,0
94,1169,0,0.350877,0
163,1198,0,0.350877,0
253,1432,1,0.350877,1
962,1169,0,0.350877,0
1036,2153,0,0.350877,0
490,2073,0,0.350649,0
650,1796,1,0.350649,0
681,1922,1,0.350649,0
719,1894,0,0.350649,0
966,1141,0,0.350649,0
1038,1781,0,0.350649,0
615,1597,0,0.350427,0
615,1598,0,0.350427,0
615,1708,0,0.350427,0
616,1597,0,0.350427,0
616,1598,0,0.350427,0
616,1708,0,0.350427,0
644,1597,0,0.350427,0
644,1598,0,0.350427,0
644,1708,0,0.350427,0
645,1597,0,0.350427,0
645,1598,0,0.350427,0
645,1708,0,0.350427,0
487,1735,0,0.35,0
487,1736,0,0.35,0
576,1698,0,0.35,0
626,1946,0,0.35,0
626,1969,0,0.35,0
784,1372,1,0.35,0
979,1244,0,0.35,0
348,1523,1,0.349398,0
384,1565,0,0.349398,0
445,1711,0,0.349398,0
738,2103,0,0.349398,0
741,2103,0,0.349398,0
903,1624,0,0.349398,0
998,2043,0,0.349398,0
657,1891,1,0.349206,1
772,1946,0,0.349206,0
772,1969,0,0.349206,0
806,1503,0,0.349206,0
1039,1843,0,0.349206,0
1039,1945,0,0.349206,0
741,1971,0,0.348837,0
12,1261,0,0.348485,0
101,1084,0,0.348485,0
289,1095,0,0.348485,0
729,1154,0,0.348485,0
729,1156,0,0.348485,0
178,1385,0,0.348315,0
520,1617,0,0.348315,0
221,1363,0,0.348148,0
15,1138,0,0.347826,0
16,1126,0,0.347826,0
226,1528,0,0.347826,0
613,1698,1,0.347826,0
729,1172,0,0.347826,0
795,1899,1,0.347826,0
796,1903,1,0.347826,0
891,1491,0,0.347826,0
961,1448,0,0.347826,0
1021,1562,0,0.347826,0
245,1410,1,0.347368,0
851,1896,0,0.347368,0
851,1900,0,0.347368,0
851,1902,0,0.347368,0
510,1746,0,0.347222,0
591,1738,1,0.347222,0
655,1638,0,0.347222,0
790,1220,0,0.347222,0
790,1542,0,0.347222,0
895,1672,0,0.34677399999999997,0
191,1543,0,0.346667,0
191,1717,0,0.346667,0
191,1718,0,0.346667,0
191,1719,0,0.346667,0
191,1722,0,0.346667,0
191,1806,0,0.346667,0
224,1443,1,0.346667,1
252,1497,1,0.346667,0
837,1937,1,0.346667,0
912,2086,0,0.346667,0
913,2092,0,0.346667,0
914,2092,0,0.346667,0
63,1242,0,0.346154,0
490,1735,0,0.346154,0
490,1736,0,0.346154,0
500,1639,0,0.346154,0
501,1641,0,0.346154,0
502,1640,0,0.346154,0
505,1644,0,0.346154,0
506,1643,0,0.346154,0
577,1623,0,0.346154,0
578,1623,0,0.346154,0
700,1854,0,0.346154,0
956,1654,0,0.346154,0
101,1175,0,0.345679,0
289,1175,0,0.345679,0
302,1508,0,0.345679,0
428,1384,0,0.345679,0
947,2043,0,0.345679,0
13,1279,0,0.345455,0
96,1165,0,0.345455,0
96,1168,0,0.345455,0
96,1169,1,0.345455,0
517,2005,0,0.345455,0
446,1656,0,0.345238,0
542,1819,0,0.345238,0
79,1496,0,0.344828,0
433,2046,0,0.344828,0
481,1541,0,0.344828,0
484,1541,0,0.344828,0
517,2004,0,0.344828,0
800,1481,0,0.344828,0
961,1168,0,0.344828,0
961,1182,0,0.34444400000000003,0
176,1361,0,0.344262,0
231,1395,0,0.344262,0
542,1807,1,0.344262,0
376,1427,0,0.344086,0
488,1625,0,0.344086,0
998,1626,0,0.344086,0
14,1279,1,0.34375,0
562,1913,0,0.34375,0
1036,1990,0,0.34375,0
54,1199,0,0.343434,0
42,1862,0,0.34328400000000003,0
46,1927,0,0.34328400000000003,0
74,1927,0,0.34328400000000003,0
75,1927,0,0.34328400000000003,0
175,1264,1,0.34328400000000003,0
717,1893,0,0.34328400000000003,0
910,1622,0,0.34328400000000003,0
928,1622,0,0.34328400000000003,0
965,1622,0,0.34328400000000003,0
1014,1465,0,0.34328400000000003,0
696,1826,1,0.34313699999999997,1
367,1184,0,0.342857,0
734,1913,0,0.342857,0
769,1696,1,0.342857,1
608,2139,0,0.342466,0
702,2063,0,0.342466,0
740,1706,1,0.342466,1
771,1707,1,0.342466,1
875,1809,0,0.342466,0
900,2028,1,0.342466,1
354,1325,0,0.342105,0
842,2140,0,0.342105,0
941,2140,0,0.342105,0
328,2067,1,0.34177199999999996,0
459,1661,0,0.34177199999999996,0
488,1623,0,0.34177199999999996,0
488,2073,0,0.34177199999999996,0
502,1960,0,0.34177199999999996,0
966,1154,0,0.34177199999999996,0
966,1156,0,0.34177199999999996,0
204,1477,0,0.341463,0
521,1619,0,0.341463,0
552,1951,0,0.341463,0
948,2042,0,0.341463,0
948,2074,0,0.341463,0
147,1597,0,0.34126999999999996,0
147,1598,0,0.34126999999999996,0
147,1708,0,0.34126999999999996,0
445,1656,0,0.34117600000000003,0
488,2042,0,0.34117600000000003,0
488,2074,0,0.34117600000000003,0
1,1792,0,0.340909,0
462,1958,1,0.340909,0
866,1618,0,0.340909,0
866,2018,0,0.340909,0
452,1589,0,0.340426,0
453,2062,0,0.340426,0
487,1625,0,0.340426,0
488,1624,0,0.340426,0
847,1899,0,0.340426,0
847,1903,0,0.340426,0
847,1905,0,0.340426,0
847,1906,0,0.340426,0
852,1899,0,0.340426,0
852,1901,0,0.340426,0
852,1903,0,0.340426,0
852,1905,0,0.340426,0
852,1906,0,0.340426,0
964,2021,0,0.340426,0
281,1381,0,0.340206,0
838,1415,1,0.340206,0
843,1904,0,0.340206,0
1048,1153,0,0.340206,0
994,1342,0,0.339806,0
47,1294,1,0.339623,0
111,2046,0,0.339623,0
190,1349,1,0.339623,0
367,1307,0,0.339623,0
711,1733,0,0.339623,0
711,1750,0,0.339623,0
251,1715,0,0.33945,0
560,1765,0,0.33928600000000003,0
482,1541,0,0.338983,0
496,1541,0,0.338983,0
762,1613,1,0.338983,0
782,1830,1,0.338983,0
968,1654,0,0.338983,0
979,1503,0,0.338983,0
979,1552,0,0.338983,0
269,1428,0,0.338843,0
258,1433,0,0.33871,0
306,1483,0,0.33871,0
895,1673,0,0.33871,0
911,1483,0,0.33871,0
151,1278,0,0.338462,0
435,1448,0,0.338462,0
564,1846,0,0.338462,0
582,2165,1,0.338462,0
755,1994,0,0.338462,0
101,1173,0,0.338235,0
537,1421,0,0.338235,0
668,2045,0,0.338235,0
729,1134,0,0.338235,0
931,2112,0,0.338235,0
931,2113,0,0.338235,0
95,1179,0,0.338028,0
352,1188,0,0.338028,0
560,1638,0,0.338028,0
129,1109,0,0.337838,0
345,1895,0,0.337838,0
497,1639,0,0.337838,0
499,1640,0,0.337838,0
758,1693,1,0.337838,0
902,1712,0,0.337838,0
902,1926,0,0.337838,0
902,2008,0,0.337838,0
912,2087,0,0.337838,0
975,2162,1,0.337838,0
988,1712,0,0.337838,0
988,1926,0,0.337838,0
988,2008,0,0.337838,0
204,1621,0,0.33766199999999996,0
492,2140,0,0.33766199999999996,0
725,1819,1,0.33766199999999996,0
756,1644,0,0.33766199999999996,0
1057,1390,0,0.33766199999999996,0
66,1242,0,0.3375,0
88,1241,0,0.3375,0
208,1267,1,0.3375,0
487,1623,0,0.3375,0
487,2073,0,0.3375,0
838,2136,0,0.3375,0
942,1500,0,0.3375,0
474,1824,1,0.33734899999999995,0
681,2103,0,0.33734899999999995,0
903,1625,0,0.33734899999999995,0
926,2133,1,0.33734899999999995,1
982,2134,0,0.33734899999999995,0
178,1249,0,0.33720900000000004,0
254,1528,0,0.33720900000000004,0
753,1920,0,0.33720900000000004,0
754,1983,0,0.33720900000000004,0
781,1895,0,0.33720900000000004,0
949,2042,0,0.33720900000000004,0
1025,2154,1,0.33720900000000004,1
165,1154,0,0.337079,0
710,1916,0,0.337079,0
994,1149,0,0.337079,0
534,1381,0,0.336957,0
841,1758,0,0.336957,0
852,1758,0,0.336957,0
198,1584,0,0.33684200000000003,0
849,1899,0,0.33684200000000003,0
849,1901,0,0.33684200000000003,0
849,1905,0,0.33684200000000003,0
849,1906,0,0.33684200000000003,0
13,1144,0,0.333333,0
46,2167,1,0.333333,0
55,1341,0,0.333333,0
65,1242,0,0.333333,0
88,1240,0,0.333333,0
111,2045,0,0.333333,0
116,1242,0,0.333333,0
143,1688,0,0.333333,0
143,1689,0,0.333333,0
154,1527,0,0.333333,0
165,1128,0,0.333333,0
188,1359,0,0.333333,0
191,1721,0,0.333333,0
308,1471,0,0.333333,0
326,1994,0,0.333333,0
350,2128,1,0.333333,1
351,1526,1,0.333333,1
386,1506,0,0.333333,0
419,1118,0,0.333333,0
427,1369,1,0.333333,0
432,1128,0,0.333333,0
434,2046,0,0.333333,0
477,1541,0,0.333333,0
478,1541,0,0.333333,0
480,1541,0,0.333333,0
483,1541,0,0.333333,0
488,2043,0,0.333333,0
499,1960,0,0.333333,0
521,1809,0,0.333333,0
523,1809,0,0.333333,0
525,1671,0,0.333333,0
533,1676,0,0.333333,0
533,1677,0,0.333333,0
536,1717,0,0.333333,0
536,1718,0,0.333333,0
536,1719,0,0.333333,0
557,1679,1,0.333333,1
558,1678,1,0.333333,1
562,2146,0,0.333333,0
594,1528,0,0.333333,0
598,2136,0,0.333333,0
658,1381,0,0.333333,0
672,1902,0,0.333333,0
770,1704,1,0.333333,1
795,1896,0,0.333333,0
795,1900,0,0.333333,0
795,1902,0,0.333333,0
796,1896,0,0.333333,0
796,1900,0,0.333333,0
796,1902,0,0.333333,0
844,1908,0,0.333333,0
846,1759,0,0.333333,0
851,1899,0,0.333333,0
851,1901,0,0.333333,0
851,1903,0,0.333333,0
851,1906,0,0.333333,0
869,1809,0,0.333333,0
875,1619,0,0.333333,0
877,1194,0,0.333333,0
901,1541,0,0.333333,0
906,1668,0,0.333333,0
924,2088,0,0.333333,0
927,1490,0,0.333333,0
927,1491,0,0.333333,0
927,1633,0,0.333333,0
932,2069,0,0.333333,0
954,1938,0,0.333333,0
966,1134,0,0.333333,0
983,2149,0,0.333333,0
1001,1688,0,0.333333,0
1021,1521,0,0.333333,0
1023,1197,0,0.333333,0
1027,1092,1,0.333333,1
1031,1915,0,0.333333,0
1057,1153,0,0.333333,0
205,1364,0,0.331169,0
948,2075,0,0.330882,0
906,1670,0,0.330357,0
280,1597,0,0.330275,0
280,1598,0,0.330275,0
280,1708,0,0.330275,0
492,1743,0,0.330275,0
269,1430,0,0.330189,0
269,1431,0,0.330189,0
845,1898,0,0.329897,0
1003,1342,0,0.329897,0
267,1190,0,0.329787,0
671,1899,0,0.329787,0
853,1758,0,0.329787,0
867,1620,0,0.32966999999999996,0
1057,1242,0,0.32966999999999996,0
126,1480,0,0.329545,0
165,1141,0,0.329545,0
487,2043,0,0.329412,0
652,1920,0,0.329412,0
653,1924,0,0.329412,0
654,1920,0,0.329412,0
949,2043,0,0.329412,0
950,2043,0,0.329412,0
1062,1587,0,0.329412,0
1062,1590,0,0.329412,0
181,1214,1,0.329268,1
432,1141,0,0.329268,0
913,2098,1,0.329268,0
39,1274,1,0.32911399999999996,0
191,1222,0,0.32911399999999996,0
254,1928,0,0.32911399999999996,0
347,1518,1,0.32911399999999996,1
500,1645,0,0.32911399999999996,0
502,1638,0,0.32911399999999996,0
604,2166,1,0.32911399999999996,0
652,1966,1,0.32911399999999996,0
1008,1535,0,0.32911399999999996,0
1061,2140,0,0.32911399999999996,0
137,1316,0,0.328947,0
200,1146,0,0.328947,0
328,1927,0,0.328947,0
354,1285,0,0.32876700000000003,0
387,1506,0,0.32876700000000003,0
707,2063,1,0.32876700000000003,0
903,1814,0,0.32876700000000003,0
986,1666,0,0.32876700000000003,0
213,1958,0,0.328571,0
465,1659,0,0.328571,0
465,1660,0,0.328571,0
891,1490,0,0.328571,0
891,1633,0,0.328571,0
933,2069,0,0.328571,0
935,2069,0,0.328571,0
307,1471,0,0.328358,0
570,2070,0,0.328358,0
637,1913,0,0.328358,0
807,1552,0,0.328358,0
44,1426,0,0.328125,0
115,1129,0,0.328125,0
204,1249,1,0.328125,0
800,2131,0,0.328125,0
802,1146,0,0.328125,0
820,2137,0,0.328125,0
400,1239,1,0.327869,1
176,1264,0,0.327586,0
416,1471,0,0.327586,0
434,2045,0,0.327586,0
503,1594,0,0.327586,0
594,1697,1,0.327586,0
637,1946,0,0.327586,0
637,1969,0,0.327586,0
962,1165,0,0.327586,0
962,1168,0,0.327586,0
55,1318,0,0.327273,0
111,2047,0,0.327273,0
251,1714,0,0.327273,0
251,1716,0,0.327273,0
251,1723,0,0.327273,0
418,1247,0,0.327273,0
1061,1744,0,0.327273,0
268,1429,0,0.32710300000000003,0
270,1429,0,0.32710300000000003,0
434,1170,0,0.326923,0
879,2144,1,0.326923,1
520,1618,0,0.326531,0
534,1382,0,0.326531,0
536,2157,0,0.326531,0
780,1342,0,0.326531,0
840,1898,0,0.326531,0
843,1898,0,0.326531,0
487,1626,0,0.326316,0
522,1618,0,0.326316,0
801,1187,0,0.326316,0
528,1888,0,0.326087,0
776,1650,0,0.325843,0
1038,1650,0,0.325843,0
353,1375,1,0.325581,1
432,1390,0,0.325581,0
676,2065,0,0.325581,0
741,1921,0,0.325581,0
741,1974,0,0.325581,0
993,2035,1,0.325581,1
1062,1588,0,0.325581,0
1063,2092,0,0.325581,0
108,1398,0,0.325301,0
490,2043,0,0.325301,0
869,1617,0,0.325301,0
86,1237,1,0.325,1
343,1818,0,0.325,0
454,1661,0,0.325,0
866,1809,0,0.324675,0
951,1510,0,0.324675,0
54,1991,0,0.324324,0
814,1413,0,0.324324,0
903,1711,0,0.324324,0
986,2094,0,0.324324,0
1063,2068,1,0.324324,0
376,1429,0,0.324074,0
204,1291,0,0.323944,0
553,1819,0,0.32381,0
554,1819,0,0.32381,0
109,1205,1,0.323741,0
200,1148,0,0.323529,0
333,1471,1,0.323529,0
463,1566,0,0.323529,0
549,1791,0,0.323529,0
551,1791,0,0.323529,0
715,1869,0,0.323529,0
715,1870,1,0.323529,0
715,1871,0,0.323529,0
718,1893,0,0.323529,0
835,1163,0,0.323529,0
855,1512,0,0.323529,0
874,2142,1,0.323529,0
658,1382,0,0.323232,0
750,1383,0,0.323232,0
839,1898,0,0.323232,0
839,1904,0,0.323232,0
1048,1241,0,0.323232,0
261,1752,0,0.323077,0
583,1750,1,0.323077,0
584,1742,1,0.323077,1
585,1733,1,0.323077,0
637,1968,0,0.323077,0
817,1785,1,0.323077,1
1022,1567,0,0.323077,0
1029,1090,0,0.323077,0
1029,1091,0,0.323077,0
173,1328,0,0.322917,0
101,1086,0,0.322581,0
289,1086,0,0.322581,0
477,1496,0,0.322581,0
478,1496,0,0.322581,0
483,1496,0,0.322581,0
794,1872,0,0.322581,0
165,1156,0,0.32222199999999995,0
184,1927,0,0.32222199999999995,0
34,2129,0,0.322034,0
55,1209,0,0.322034,0
434,2047,0,0.322034,0
435,2046,0,0.322034,0
797,1146,0,0.322034,0
809,1148,0,0.322034,0
961,1165,0,0.322034,0
961,1169,0,0.322034,0
157,1272,1,0.321839,1
471,1756,1,0.321839,0
675,1916,0,0.321839,0
675,1973,0,0.321839,0
678,1972,0,0.321839,0
683,1972,0,0.321839,0
17,1929,0,0.321429,0
254,1713,0,0.321429,0
429,1595,1,0.321429,0
432,1154,0,0.321429,0
432,1156,0,0.321429,0
577,2043,0,0.321429,0
578,2043,0,0.321429,0
676,2103,0,0.321429,0
988,1625,0,0.321429,0
988,1626,0,0.321429,0
1005,1195,0,0.321429,0
1016,2163,1,0.321429,0
1040,1165,0,0.321429,0
1040,1168,0,0.321429,0
1040,1169,0,0.321429,0
161,1086,1,0.320988,0
451,1661,0,0.320988,0
838,1532,0,0.320988,0
912,2097,1,0.320988,0
1019,1895,0,0.320988,0
1028,1082,0,0.320988,0
587,1227,0,0.320755,0
587,1515,0,0.320755,0
588,1312,0,0.320755,0
588,1313,0,0.320755,0
589,1311,0,0.320755,0
589,1312,0,0.320755,0
590,1311,0,0.320755,0
590,1313,0,0.320755,0
799,1142,0,0.320755,0
215,1096,0,0.320513,0
254,1496,0,0.320513,0
497,1638,0,0.32,0
499,1645,0,0.32,0
512,1595,0,0.32,0
512,1632,0,0.32,0
750,1381,0,0.32,0
844,1898,0,0.32,0
902,1818,0,0.32,0
912,2088,0,0.32,0
952,1510,0,0.32,0
957,1269,0,0.32,0
988,1818,0,0.32,0
1021,1192,0,0.32,0
1048,1240,0,0.32,0
72,1426,0,0.319588,0
78,1426,0,0.319588,0
185,1477,0,0.319588,0
271,1190,0,0.319588,0
376,1426,0,0.319588,0
672,1898,0,0.319588,0
544,1798,0,0.319444,0
544,1799,0,0.319444,0
544,1841,0,0.319444,0
560,1639,0,0.319444,0
560,1641,0,0.319444,0
719,1862,0,0.319444,0
819,1886,1,0.319444,1
820,1885,1,0.319444,0
859,1639,0,0.319444,0
859,1640,0,0.319444,0
859,1641,0,0.319444,0
372,2136,0,0.31914899999999996,0
587,1700,0,0.31914899999999996,0
795,1901,0,0.31914899999999996,0
795,1903,0,0.31914899999999996,0
795,1905,0,0.31914899999999996,0
795,1906,0,0.31914899999999996,0
796,1899,0,0.31914899999999996,0
796,1901,0,0.31914899999999996,0
796,1905,0,0.31914899999999996,0
796,1906,0,0.31914899999999996,0
801,1737,0,0.31914899999999996,0
846,1758,0,0.31914899999999996,0
950,2075,0,0.31914899999999996,0
1003,1328,0,0.31914899999999996,0
723,1428,0,0.31896599999999997,0
324,2130,0,0.318841,0
549,1961,0,0.318841,0
551,1961,0,0.318841,0
598,1373,0,0.318841,0
734,1842,0,0.318841,0
734,2031,0,0.318841,0
793,1136,0,0.318841,0
1031,1373,0,0.318841,0
38,1881,0,0.318182,0
38,1882,0,0.318182,0
38,1883,0,0.318182,0
285,1578,0,0.318182,0
294,1229,1,0.318182,1
374,1262,0,0.318182,0
382,1549,0,0.318182,0
420,1291,0,0.318182,0
729,1369,0,0.318182,0
729,1529,0,0.318182,0
835,1192,0,0.318182,0
173,1437,0,0.317757,0
254,1497,0,0.31764699999999996,0
490,2042,0,0.31764699999999996,0
490,2074,0,0.31764699999999996,0
835,1562,0,0.31764699999999996,0
880,2103,0,0.31764699999999996,0
1022,1571,0,0.31764699999999996,0
94,2046,0,0.31745999999999996,0
420,1385,0,0.31745999999999996,0
559,1197,0,0.31745999999999996,0
1039,1968,0,0.31745999999999996,0
1081,1192,0,0.31745999999999996,0
281,1382,0,0.317308,0
485,2048,0,0.317308,0
269,1191,0,0.317073,0
433,2045,0,0.31666700000000003,0
562,1798,0,0.31666700000000003,0
562,1799,0,0.31666700000000003,0
562,1841,0,0.31666700000000003,0
786,1751,0,0.31666700000000003,0
786,1752,0,0.31666700000000003,0
786,1753,0,0.31666700000000003,0
793,1803,0,0.31666700000000003,0
793,1804,0,0.31666700000000003,0
793,1970,0,0.31666700000000003,0
809,1318,0,0.31666700000000003,0
906,1956,0,0.31666700000000003,0
963,1165,0,0.31666700000000003,0
963,1168,0,0.31666700000000003,0
963,1169,0,0.31666700000000003,0
1039,1798,0,0.31666700000000003,0
1039,1799,0,0.31666700000000003,0
1039,1841,0,0.31666700000000003,0
213,1407,1,0.316456,0
454,1663,0,0.316456,0
459,1663,0,0.316456,0
756,1960,0,0.316456,0
875,1617,0,0.316456,0
671,1897,0,0.316327,0
845,1897,0,0.316327,0
845,1904,0,0.316327,0
845,1907,0,0.316327,0
845,1908,0,0.316327,0
845,1909,0,0.316327,0
230,1408,0,0.316129,0
111,1314,0,0.315789,0
197,1991,0,0.315789,0
428,1720,0,0.315789,0
467,1658,0,0.315789,0
470,1658,0,0.315789,0
671,1896,0,0.315789,0
671,1900,0,0.315789,0
671,1902,0,0.315789,0
853,1759,0,0.315789,0
903,1656,0,0.315789,0
903,1962,0,0.315789,0
912,2090,0,0.315789,0
940,1233,1,0.315789,0
956,1917,0,0.315789,0
1008,1333,1,0.315789,0
165,1134,0,0.315217,0
766,1573,0,0.315217,0
970,1573,0,0.315217,0
200,1209,0,0.31506799999999996,0
565,2064,1,0.31506799999999996,1
759,1128,0,0.31506799999999996,0
910,2050,0,0.31506799999999996,0
928,2050,0,0.31506799999999996,0
958,1912,0,0.31506799999999996,0
965,2050,0,0.31506799999999996,0
4,1279,0,0.314815,0
41,1803,0,0.314815,0
41,1804,0,0.314815,0
41,1970,0,0.314815,0
41,1984,0,0.314815,0
293,1337,0,0.314815,0
293,2046,0,0.314815,0
338,1782,1,0.314815,0
433,1170,0,0.314815,0
723,1426,0,0.314815,0
802,1142,0,0.314815,0
192,1381,0,0.314607,0
257,1720,0,0.314607,0
280,1383,1,0.314286,0
330,1139,1,0.314286,0
639,1964,1,0.314286,0
719,1880,1,0.314286,0
734,1774,0,0.314286,0
734,1816,0,0.314286,0
1020,1567,0,0.314286,0
153,1258,1,0.31405,1
107,1173,1,0.31395300000000004,0
432,1134,0,0.31395300000000004,0
742,1921,0,0.31395300000000004,0
742,1974,0,0.31395300000000004,0
969,1196,0,0.31395300000000004,0
33,1543,0,0.313725,0
33,1717,0,0.313725,0
33,1718,0,0.313725,0
33,1719,0,0.313725,0
33,1722,0,0.313725,0
33,1806,0,0.313725,0
290,1190,0,0.313725,0
309,1190,0,0.313725,0
624,1664,0,0.313725,0
201,1215,1,0.31355900000000003,1
360,1379,0,0.313433,0
477,1993,0,0.313433,0
478,1993,0,0.313433,0
483,1993,0,0.313433,0
532,1676,0,0.313433,0
532,1677,0,0.313433,0
599,1610,1,0.313433,1
701,1160,0,0.313433,0
902,1993,0,0.313433,0
988,1993,0,0.313433,0
114,1315,1,0.313253,1
195,1895,0,0.313253,0
655,1925,0,0.313253,0
1020,1895,0,0.313253,0
401,1383,0,0.313131,0
535,1381,0,0.313131,0
595,1381,0,0.313131,0
665,1383,0,0.313131,0
765,1383,0,0.313131,0
840,1897,0,0.313131,0
840,1904,0,0.313131,0
840,1907,0,0.313131,0
840,1908,0,0.313131,0
840,1909,0,0.313131,0
841,1897,0,0.313131,0
841,1904,0,0.313131,0
841,1907,0,0.313131,0
841,1908,0,0.313131,0
841,1909,0,0.313131,0
843,1897,0,0.313131,0
843,1907,0,0.313131,0
843,1908,0,0.313131,0
843,1909,0,0.313131,0
94,2045,0,0.3125,0
171,1770,0,0.3125,0
211,1958,0,0.3125,0
451,1663,0,0.3125,0
463,1192,0,0.3125,0
504,1645,0,0.3125,0
506,1638,0,0.3125,0
548,1274,0,0.3125,0
689,1699,0,0.3125,0
867,2018,0,0.3125,0
950,1625,0,0.3125,0
961,2046,0,0.3125,0
962,2045,0,0.3125,0
964,1170,0,0.3125,0
1022,1424,0,0.3125,0
44,1429,0,0.31205700000000003,0
647,2033,0,0.311927,0
273,1950,0,0.311828,0
845,1758,0,0.311828,0
922,2085,1,0.311828,0
912,2089,0,0.311688,0
96,2046,0,0.311475,0
433,2047,0,0.311475,0
435,2047,0,0.311475,0
481,1496,0,0.311475,0
484,1496,0,0.311475,0
541,1674,0,0.311475,0
570,1728,1,0.311475,0
907,1481,0,0.311475,0
1040,2046,0,0.311475,0
376,1428,0,0.311321,0
723,1427,0,0.311321,0
750,1382,0,0.311321,0
1048,1242,0,0.311321,0
425,1944,0,0.311111,1
428,1381,0,0.311111,0
911,1211,0,0.311111,0
106,1560,1,0.310811,0
131,1189,0,0.310811,0
248,1408,1,0.310811,0
305,1999,1,0.310811,0
352,1189,0,0.310811,0
436,1173,0,0.310811,0
655,1644,0,0.310811,0
759,1141,0,0.310811,0
951,1269,0,0.310811,0
303,1508,1,0.310345,0
513,1632,1,0.310345,0
537,1483,0,0.310345,0
562,1732,0,0.310345,0
564,1805,1,0.310345,0
1039,1732,0,0.310345,0
1039,2146,0,0.310345,0
361,1440,1,0.31,0
401,1381,0,0.31,0
665,1381,0,0.31,0
765,1381,0,0.31,0
839,1897,0,0.31,0
839,1907,0,0.31,0
839,1908,0,0.31,0
839,1909,0,0.31,0
291,1881,0,0.309859,0
291,1882,0,0.309859,0
291,1883,0,0.309859,0
626,1913,0,0.309859,0
734,1843,0,0.309859,0
734,1945,0,0.309859,0
110,1181,1,0.30952399999999997,0
141,2001,0,0.30952399999999997,0
346,2140,0,0.30952399999999997,0
401,1543,1,0.30952399999999997,0
522,1809,0,0.30952399999999997,0
947,2075,0,0.30935300000000004,0
189,1955,0,0.309278,0
172,1127,1,0.309091,1
842,1743,0,0.309091,0
942,1668,0,0.309091,0
85,1275,0,0.308824,0
101,1095,0,0.308824,0
234,1915,0,0.308824,0
234,2136,0,0.308824,0
289,1084,0,0.308824,0
352,1227,0,0.308824,0
573,2070,0,0.308824,0
580,1776,0,0.308824,0
582,1801,0,0.308824,0
618,1757,0,0.308824,0
618,1801,0,0.308824,0
619,1757,0,0.308824,0
621,1745,0,0.308824,0
636,1749,0,0.308824,0
650,2070,0,0.308824,0
805,1768,0,0.308824,0
805,1777,0,0.308824,0
848,2070,0,0.308824,0
884,1992,0,0.308824,0
1045,2070,0,0.308824,0
214,1408,0,0.308725,0
232,1267,0,0.308642,0
454,1636,0,0.308642,0
454,1662,0,0.308642,0
459,1636,0,0.308642,0
459,1662,0,0.308642,0
982,2119,0,0.308642,0
1055,1797,1,0.308642,1
192,1597,0,0.30851100000000004,0
192,1598,0,0.30851100000000004,0
192,1708,0,0.30851100000000004,0
840,1758,0,0.30851100000000004,0
843,1758,0,0.30851100000000004,0
847,1758,0,0.30851100000000004,0
929,2022,1,0.30851100000000004,0
723,1429,0,0.30833299999999997,0
33,1965,0,0.307692,0
72,1190,0,0.307692,0
94,2047,0,0.307692,0
214,1958,0,0.307692,0
291,1252,0,0.307692,0
358,1935,0,0.307692,0
709,1946,0,0.307692,0
791,1687,1,0.307692,0
808,1481,0,0.307692,0
927,2016,0,0.307692,0
949,2082,0,0.307692,0
962,2047,0,0.307692,0
963,2046,0,0.307692,0
1021,1163,0,0.307692,0
1046,1178,0,0.307692,0
110,1182,0,0.306931,0
343,1501,0,0.306931,0
844,1897,0,0.306931,0
844,1904,0,0.306931,0
844,1907,0,0.306931,0
844,1909,0,0.306931,0
142,1648,0,0.306818,0
687,1650,0,0.306818,0
874,1650,0,0.306818,0
964,2132,1,0.306818,0
1071,1884,0,0.306818,0
40,1927,0,0.306667,0
52,1297,0,0.306667,0
299,1999,0,0.306667,0
444,1658,0,0.306667,0
96,2045,0,0.306452,0
482,1496,0,0.306452,0
496,1496,0,0.306452,0
498,1321,0,0.306452,0
591,1946,0,0.306452,0
591,1969,0,0.306452,0
968,2121,0,0.306452,0
968,2122,0,0.306452,0
1040,2045,0,0.306452,0
942,1670,0,0.30630599999999997,0
1061,1956,0,0.30630599999999997,0
964,1182,0,0.306122,0
750,1722,0,0.30588200000000004,0
767,1477,0,0.30588200000000004,0
366,1099,0,0.305556,0
409,1798,0,0.305556,0
409,1799,0,0.305556,0
409,1841,0,0.305556,0
410,1608,0,0.305556,0
489,1929,0,0.305556,0
549,1844,0,0.305556,0
549,1845,0,0.305556,0
549,1948,0,0.305556,0
551,1844,0,0.305556,0
551,1845,0,0.305556,0
551,1948,0,0.305556,0
701,1637,1,0.305556,0
772,1842,0,0.305556,0
772,2031,0,0.305556,0
780,1440,0,0.305556,0
902,1687,0,0.305556,0
924,1513,0,0.305556,0
988,1687,0,0.305556,0
1004,1423,0,0.305556,0
1023,1424,0,0.305556,0
672,1896,0,0.305263,0
672,1900,0,0.305263,0
839,1758,0,0.305263,0
849,1758,0,0.305263,0
79,1329,0,0.305085,0
79,1527,0,0.305085,0
533,1746,0,0.305085,0
533,1747,0,0.305085,0
563,1805,0,0.305085,0
806,1212,0,0.305085,0
968,2139,0,0.305085,0
425,1833,1,0.30487800000000004,1
451,1636,0,0.30487800000000004,0
451,1662,0,0.30487800000000004,0
632,1913,0,0.30487800000000004,0
983,2119,0,0.30487800000000004,0
535,1382,0,0.304762,0
595,1382,0,0.304762,0
1012,1383,0,0.304762,0
44,1427,0,0.304688,0
126,1483,0,0.304348,0
168,1379,0,0.304348,0
302,1950,0,0.304348,0
349,1320,0,0.304348,0
520,1619,0,0.304348,0
523,2018,0,0.304348,0
591,1968,0,0.304348,0
710,2065,0,0.304348,0
855,1585,0,0.304348,0
893,2145,1,0.304348,1
946,2037,1,0.304348,1
992,2023,0,0.304348,0
1022,1355,0,0.304348,0
1023,1453,0,0.304348,0
778,1720,0,0.30392199999999997,0
169,1418,0,0.303797,0
444,2060,0,0.303797,0
444,2061,0,0.303797,0
658,1717,0,0.303797,0
658,1718,0,0.303797,0
658,1719,0,0.303797,0
658,1722,0,0.303797,0
891,2016,0,0.303797,0
923,2087,0,0.303797,0
923,2088,0,0.303797,0
96,1170,0,0.303571,0
97,1165,0,0.303571,0
97,1168,0,0.303571,0
97,1169,0,0.303571,0
173,2048,0,0.303571,0
293,2047,0,0.303571,0
419,1247,0,0.303571,0
799,1341,0,0.303571,0
1040,1170,0,0.303571,0
191,1417,0,0.303371,0
679,1767,1,0.303371,1
615,1382,0,0.303279,0
616,1382,0,0.303279,0
644,1382,0,0.303279,0
645,1382,0,0.303279,0
906,1744,0,0.303279,0
112,1437,1,0.30303,0
355,1564,0,0.30303,0
381,1479,1,0.30303,0
617,1470,0,0.30303,0
670,1664,0,0.30303,0
671,1898,0,0.30303,0
720,1863,0,0.30303,0
721,1863,0,0.30303,0
800,1503,0,0.30303,0
800,1552,0,0.30303,0
961,2047,0,0.30303,0
963,2045,0,0.30303,0
1081,1163,0,0.30303,0
577,2082,0,0.302817,0
578,2082,0,0.302817,0
242,1497,0,0.302632,0
345,1099,0,0.302632,0
365,1410,0,0.302632,0
759,1154,0,0.302632,0
759,1156,0,0.302632,0
1008,1999,0,0.302632,0
251,1720,0,0.302521,0
697,1854,0,0.302521,0
698,1854,0,0.302521,0
957,1582,0,0.30232600000000004,0
72,1427,0,0.302083,0
78,1427,0,0.302083,0
671,1901,0,0.302083,0
671,1903,0,0.302083,0
671,1905,0,0.302083,0
671,1906,0,0.302083,0
844,1758,0,0.302083,0
851,1758,0,0.302083,0
401,1382,0,0.301887,0
503,1671,0,0.301887,0
561,1635,0,0.301887,0
665,1382,0,0.301887,0
744,1761,1,0.301887,1
765,1382,0,0.301887,0
956,1652,0,0.301887,0
960,2152,0,0.301887,0
11,1139,0,0.301587,0
33,1417,0,0.301587,0
326,1646,1,0.301587,0
480,1496,0,0.301587,0
564,1433,0,0.301587,0
808,1593,0,0.301587,0
901,1496,0,0.301587,0
956,1963,0,0.301587,0
1040,2047,0,0.301587,0
87,1140,0,0.30136999999999997,0
110,1337,0,0.30136999999999997,0
175,1361,0,0.30136999999999997,0
436,1095,0,0.30136999999999997,0
526,2006,0,0.30136999999999997,0
537,1387,0,0.30136999999999997,0
560,1644,0,0.30136999999999997,0
632,1969,0,0.30136999999999997,0
808,1244,0,0.30136999999999997,0
859,1643,0,0.30136999999999997,0
859,1644,0,0.30136999999999997,0
866,1617,0,0.301205,0
866,1619,0,0.301205,0
941,1818,0,0.301205,0
191,1383,0,0.301075,0
203,1338,1,0.301075,1
297,1399,0,0.301075,0
414,2033,0,0.301075,0
923,2091,1,0.301075,0
948,1625,0,0.301075,0
948,1626,0,0.301075,0
1021,1571,0,0.301075,0
895,1674,0,0.300813,0
3,1115,1,0.3,0
33,1221,0,0.3,0
33,1721,0,0.3,0
38,1894,0,0.3,0
56,1307,1,0.3,0
61,1770,0,0.3,0
77,1194,1,0.3,0
184,1363,1,0.3,0
257,1382,1,0.3,0
289,1173,0,0.3,0
422,1249,0,0.3,0
471,2060,0,0.3,0
471,2061,0,0.3,0
475,2148,1,0.3,0
512,1676,0,0.3,0
512,1677,0,0.3,0
549,1380,0,0.3,0
570,1796,0,0.3,0
591,1931,0,0.3,0
648,2033,0,0.3,0
659,1517,0,0.3,0
661,1517,0,0.3,0
662,1517,0,0.3,0
706,1589,0,0.3,0
706,2062,0,0.3,0
710,2103,0,0.3,0
734,1968,0,0.3,0
798,1146,0,0.3,0
809,1341,0,0.3,0
812,1986,1,0.3,0
883,1993,0,0.3,0
922,2087,0,0.3,0
923,2090,0,0.3,0
937,1763,1,0.3,0
942,1743,0,0.3,0
964,1337,0,0.3,0
968,2138,1,0.3,0
1012,1806,1,0.3,0
1016,1592,0,0.3,0
1039,1840,0,0.3,0
967,2150,1,0.7,1
534,1708,1,0.697368,0
469,1686,1,0.69697,0
270,1431,1,0.695652,0
260,1302,1,0.695122,1
403,1764,0,0.694444,0
562,1842,1,0.693878,0
781,1562,1,0.693333,1
296,1253,1,0.689655,1
529,1844,0,0.689655,0
529,1845,0,0.689655,0
529,1948,0,0.689655,0
531,1844,0,0.689655,0
531,1845,0,0.689655,0
234,1373,1,0.6888890000000001,1
186,1400,1,0.6875,0
290,1427,1,0.686747,0
66,1156,1,0.686275,0
136,1227,1,0.686275,1
194,1345,1,0.685714,0
496,1814,0,0.684211,0
1010,1665,1,0.6825399999999999,1
1059,2079,1,0.680851,1
969,1441,1,0.680556,1
498,1963,1,0.678571,0
530,1844,1,0.677966,0
530,1845,0,0.677966,0
530,1948,0,0.677966,0
1007,2173,1,0.676056,1
63,1141,1,0.673469,0
65,1154,1,0.673077,0
261,1347,1,0.673077,0
814,2152,1,0.673077,1
970,2126,1,0.673077,0
911,2054,1,0.6727270000000001,0
18,1927,1,0.6724140000000001,0
444,1663,1,0.671642,0
206,1364,1,0.669725,1
50,1184,1,0.666667,1
421,1249,0,0.666667,0
480,1962,1,0.666667,0
531,1961,0,0.666667,0
640,1463,1,0.666667,1
751,1910,1,0.666667,1
835,1254,1,0.666667,1
868,2083,1,0.666667,1
902,2042,1,0.666667,0
409,1544,1,0.661017,1
135,1091,1,0.660714,0
925,2041,1,0.660714,1
55,1146,1,0.66,1
51,1137,1,0.659574,1
559,1424,1,0.659091,1
797,1209,1,0.659091,0
519,1486,1,0.657895,1
720,1881,0,0.655738,0
720,1882,1,0.655738,0
720,1883,0,0.655738,0
624,1668,1,0.655172,0
71,2034,1,0.6545449999999999,1
323,1238,1,0.653846,1
534,1597,0,0.653846,0
534,1598,0,0.653846,0
660,1703,0,0.650794,0
661,1703,0,0.650794,0
662,1703,0,0.650794,0
767,1621,1,0.650794,0
478,1712,0,0.65,0
478,2008,0,0.65,0
483,1712,0,0.65,0
483,1926,0,0.65,0
532,1961,0,0.649123,0
266,1446,1,0.648649,1
116,1134,1,0.648148,0
177,1240,1,0.647059,0
216,1455,1,0.647059,1
763,1151,1,0.647059,0
398,1600,0,0.645161,0
631,1650,1,0.644737,1
480,1814,0,0.644068,0
901,1814,0,0.644068,0
105,1195,1,0.642857,1
575,1664,1,0.642857,1
306,1480,1,0.641791,0
479,1519,1,0.640625,0
535,1597,1,0.638554,0
595,1598,1,0.638554,0
777,2155,1,0.6382979999999999,1
264,2126,0,0.637931,0
481,1875,0,0.637931,0
484,1874,0,0.637931,0
529,1961,0,0.637931,0
643,1316,1,0.637931,0
267,1427,0,0.6375,0
658,1720,0,0.6375,0
109,1325,0,0.636364,0
763,1133,0,0.636364,0
1024,1566,1,0.636364,1
750,1720,1,0.6352939999999999,0
83,1150,1,0.6346149999999999,0
562,1843,0,0.6346149999999999,0
997,2122,1,0.6346149999999999,0
109,1584,0,0.631579,0
349,1490,1,0.631579,0
904,2043,1,0.6307689999999999,0
79,1162,1,0.6304350000000001,0
828,1087,1,0.6304350000000001,1
56,1184,0,0.6290319999999999,0
721,1881,1,0.6290319999999999,0
721,1882,0,0.6290319999999999,0
721,1883,0,0.6290319999999999,0
309,1427,0,0.627907,0
656,1586,1,0.627451,1
530,1961,0,0.627119,0
838,1601,0,0.626667,0
33,1132,1,0.625,1
109,1204,1,0.625,0
226,1162,0,0.625,0
799,1234,1,0.625,1
1060,1529,1,0.625,1
477,1926,0,0.622951,0
668,1448,1,0.622951,0
366,1355,1,0.62,1
630,1955,1,0.618421,0
345,1163,0,0.618182,0
692,1864,0,0.616667,0
692,1865,0,0.616667,0
692,1866,0,0.616667,0
692,1867,0,0.616667,0
692,1868,0,0.616667,0
693,1864,1,0.616667,0
693,1865,1,0.616667,0
693,1866,1,0.616667,0
693,1867,1,0.616667,0
693,1868,1,0.616667,0
101,1108,1,0.6153850000000001,1
455,1532,0,0.6153850000000001,0
825,1572,1,0.614679,1
271,1427,0,0.614458,0
626,1843,1,0.614035,0
1014,1884,1,0.614035,1
52,1436,1,0.613636,1
331,1467,1,0.612903,1
364,1491,1,0.612903,0
486,1633,1,0.612903,0
901,1656,1,0.612903,0
988,2074,1,0.612903,0
971,1482,0,0.6125,0
391,1475,1,0.6119399999999999,0
686,1814,1,0.6119399999999999,0
205,1356,1,0.611111,1
454,2060,0,0.610169,0
454,2061,0,0.610169,0
459,2060,0,0.610169,0
459,2061,0,0.610169,0
601,1522,1,0.610169,0
329,1720,0,0.6097560000000001,0
124,1454,1,0.609375,1
451,1588,1,0.609375,0
759,1172,1,0.609375,1
171,1241,0,0.608696,0
1061,1818,0,0.608696,0
261,1517,0,0.607843,0
966,1242,0,0.607595,0
477,1713,1,0.607143,0
901,1711,0,0.606557,0
658,1714,1,0.605263,0
26,1103,1,0.604167,1
454,1587,1,0.603175,0
459,1590,1,0.603175,0
600,1627,1,0.603175,1
61,1153,0,0.602941,0
171,1240,0,0.6,0
293,1170,0,0.6,0
378,1089,1,0.6,1
421,1385,1,0.6,0
451,2060,0,0.6,0
451,2061,0,0.6,0
468,1685,1,0.6,0
535,1598,0,0.6,0
535,1708,0,0.6,0
595,1597,0,0.6,0
595,1708,0,0.6,0
800,1244,1,0.6,1
977,2057,1,0.6,1
477,1712,0,0.596774,0
477,2008,0,0.596774,0
496,1656,0,0.596774,0
496,1962,0,0.596774,0
702,1947,1,0.596774,1
200,1318,1,0.596491,0
591,1774,1,0.596491,1
864,1585,1,0.596491,1
865,1512,1,0.596491,1
267,1426,0,0.595238,0
320,1558,1,0.59375,0
451,1590,0,0.59375,0
459,1588,0,0.59375,0
624,1670,0,0.593407,0
66,1154,0,0.592593,0
249,1262,1,0.591549,1
6,1273,1,0.590909,1
720,1894,0,0.590909,0
976,2058,1,0.590909,1
663,1752,0,0.590164,0
886,1669,1,0.590164,1
909,2004,1,0.589286,1
290,1426,0,0.588889,0
83,1151,0,0.5882350000000001,0
170,1330,1,0.5882350000000001,1
227,1162,0,0.5882350000000001,0
255,1343,1,0.5882350000000001,0
901,1962,0,0.587302,0
171,1242,1,0.586667,0
392,1224,0,0.5862069999999999,0
537,2130,1,0.5862069999999999,1
665,1720,0,0.5862069999999999,0
765,1720,0,0.5862069999999999,0
555,1325,0,0.5853659999999999,0
267,1429,0,0.585106,0
19,1293,1,0.584906,0
421,1291,0,0.584906,0
42,1893,1,0.583333,0
62,1159,1,0.583333,1
368,1548,1,0.583333,1
1041,1268,1,0.583333,1
65,1156,0,0.5818180000000001,0
199,1171,1,0.5818180000000001,0
239,1450,1,0.580645,0
480,1711,0,0.580645,0
973,1764,0,0.5802470000000001,0
739,1917,1,0.58,1
466,1684,1,0.5797100000000001,0
478,1713,0,0.578947,0
626,1842,0,0.578947,0
1019,1567,1,0.578947,1
183,1245,1,0.576923,1
380,2120,1,0.576923,1
98,1120,1,0.576271,1
135,1090,0,0.576271,0
471,1661,0,0.575342,0
802,1341,0,0.574468,0
562,1945,0,0.574074,0
670,1670,1,0.573034,0
177,1153,0,0.571429,0
309,1426,0,0.571429,0
916,2089,0,0.571429,0
918,2087,0,0.571429,0
1006,2135,1,0.569767,1
445,1712,1,0.569444,0
14,1140,0,0.568966,0
226,1527,1,0.568627,0
403,1760,0,0.567901,0
721,1894,0,0.567164,0
810,1616,1,0.567164,1
271,1429,0,0.56701,0
668,1314,1,0.566667,0
356,1942,1,0.566265,1
562,2031,0,0.566038,0
36,1281,1,0.565217,1
916,2088,0,0.564516,0
917,2087,0,0.564516,0
705,1854,1,0.5643560000000001,0
666,1720,0,0.56383,0
533,1961,1,0.5636359999999999,0
177,1241,0,0.56338,0
399,1502,1,0.5625,1
480,1656,0,0.5625,0
512,1746,1,0.5625,0
902,2074,0,0.5625,0
919,2090,0,0.5625,0
141,1435,1,0.560976,1
973,1482,0,0.560976,0
999,2095,1,0.560976,1
268,1431,0,0.56,0
270,1430,0,0.56,0
43,1894,1,0.559322,0
250,1959,1,0.559322,0
479,1532,0,0.558824,0
292,1469,1,0.558442,1
468,1684,0,0.558442,0
780,1187,0,0.558442,0
265,1198,1,0.55814,1
797,1341,0,0.55814,0
215,1085,1,0.557895,1
63,1128,0,0.557692,0
659,1751,0,0.557377,0
659,1753,0,0.557377,0
659,1754,0,0.557377,0
660,1751,0,0.557377,0
660,1752,0,0.557377,0
660,1753,0,0.557377,0
661,1751,0,0.557377,0
661,1752,0,0.557377,0
661,1754,0,0.557377,0
662,1752,0,0.557377,0
662,1753,0,0.557377,0
662,1754,0,0.557377,0
63,1156,0,0.555556,0
66,1141,0,0.555556,0
113,1151,0,0.555556,0
289,1423,1,0.555556,0
449,1990,1,0.555556,1
468,1686,0,0.555556,0
512,1675,0,0.555556,0
916,2092,0,0.555556,0
917,2090,0,0.555556,0
917,2092,0,0.555556,0
920,2088,0,0.555556,0
921,2087,0,0.555556,0
921,2088,0,0.555556,0
665,1715,1,0.554217,0
131,1285,1,0.554054,1
394,1516,1,0.553846,0
8,1243,1,0.553571,1
116,1156,0,0.553571,0
637,1816,1,0.553571,0
766,2126,0,0.553571,0
447,1989,1,0.553191,1
955,1391,1,0.552632,1
455,1519,0,0.552239,0
957,1510,1,0.552239,0
1032,1519,0,0.552239,0
1032,1531,0,0.552239,0
483,1713,0,0.551724,0
102,1217,1,0.55102,1
420,1406,1,0.55102,1
960,2009,1,0.55102,0
1017,2051,1,0.550725,1
401,1720,0,0.550562,0
349,1491,0,0.55,0
349,1633,0,0.55,0
548,1675,1,0.55,0
811,1303,1,0.55,1
1050,1326,1,0.55,0
61,1241,0,0.549296,0
171,1153,0,0.549296,0
290,1429,0,0.54902,0
481,1873,0,0.548387,0
482,1874,0,0.548387,0
757,1475,0,0.548387,0
863,1936,1,0.548387,0
471,1663,0,0.547945,0
481,1928,0,0.5471699999999999,0
484,1928,0,0.5471699999999999,0
794,1212,1,0.5471699999999999,1
73,1158,1,0.546875,1
460,1564,1,0.546875,1
917,2089,0,0.546875,0
918,2088,0,0.546875,0
1026,1090,1,0.546875,0
116,1141,0,0.545455,0
373,1256,1,0.545455,1
533,1791,0,0.545455,0
549,1677,1,0.545455,0
551,1676,1,0.545455,0
798,1318,0,0.545455,0
954,1827,1,0.545455,1
997,2121,0,0.545455,0
658,1715,0,0.544304,0
658,1716,0,0.544304,0
658,1723,0,0.544304,0
481,1713,0,0.54386,0
484,1713,0,0.54386,0
379,1615,1,0.5428569999999999,1
61,1240,0,0.541667,0
723,1881,0,0.541667,0
723,1882,0,0.541667,0
723,1883,1,0.541667,0
989,2104,1,0.541667,1
709,1968,1,0.540984,1
444,1636,0,0.5405409999999999,0
444,1661,0,0.5405409999999999,0
444,1662,0,0.5405409999999999,0
990,2153,1,0.54,0
478,1874,0,0.539683,0
480,1874,0,0.539683,0
481,1926,0,0.539683,0
483,1875,0,0.539683,0
484,2008,0,0.539683,0
663,1751,0,0.539683,0
663,1753,0,0.539683,0
663,1754,0,0.539683,0
431,1113,1,0.539474,1
143,2030,0,0.538462,0
196,1365,1,0.538462,0
786,1347,0,0.538462,0
66,1128,0,0.537037,0
482,1928,0,0.537037,0
496,1928,0,0.537037,0
965,2016,1,0.5362319999999999,1
1077,1473,1,0.5362319999999999,1
63,1134,0,0.535714,0
647,2115,1,0.535714,1
765,1723,1,0.535714,0
767,1249,0,0.535714,0
1015,2141,1,0.535714,0
31,1123,1,0.535211,0
482,1713,0,0.534483,0
764,1912,1,0.534483,0
218,1368,1,0.534247,0
391,1596,0,0.534091,0
309,1429,0,0.533981,0
100,1100,1,0.533333,1
471,1636,0,0.533333,0
471,1662,0,0.533333,0
217,1456,1,0.532258,1
192,1220,1,0.53125,1
412,1727,1,0.53125,1
478,1873,0,0.53125,0
480,1873,0,0.53125,0
481,1962,0,0.53125,0
482,1926,0,0.53125,0
824,1097,1,0.53125,1
916,2090,0,0.53125,0
920,2087,0,0.53125,0
442,1575,1,0.530864,1
17,1576,0,0.530612,0
454,1590,0,0.530303,0
459,1587,0,0.530303,0
396,1270,1,0.528571,0
789,1709,1,0.528571,1
959,1095,1,0.528571,1
424,1831,1,0.528302,1
30,1125,1,0.527778,0
63,1154,0,0.527273,0
65,1128,0,0.527273,0
116,1128,0,0.527273,0
477,1928,0,0.527273,0
478,1928,0,0.527273,0
480,1928,0,0.527273,0
483,1928,0,0.527273,0
901,1928,0,0.527273,0
83,1133,0,0.526316,0
285,1203,1,0.526316,1
891,1622,1,0.526316,1
269,1427,0,0.5257729999999999,0
966,1241,0,0.525641,0
1003,1187,0,0.525641,0
324,1421,1,0.525424,0
480,1713,0,0.525424,0
748,1809,1,0.525424,0
432,1240,0,0.5243899999999999,0
195,1192,0,0.52381,0
1042,2105,1,0.523256,1
428,1542,1,0.523077,1
480,1926,0,0.523077,0
482,1962,0,0.523077,0
920,2092,0,0.523077,0
921,2090,0,0.523077,0
971,1760,0,0.522727,0
451,1587,0,0.522388,0
454,1588,0,0.522388,0
863,1558,0,0.522388,0
892,1583,1,0.522388,1
613,1162,0,0.5217390000000001,0
620,1945,1,0.5217390000000001,0
858,2094,1,0.5217390000000001,0
975,2058,0,0.5217390000000001,0
1000,1720,0,0.520833,0
742,2103,1,0.520548,1
410,1177,1,0.52,0
1033,1579,1,0.519231,1
966,1240,0,0.518987,0
734,1969,1,0.518519,1
65,1141,0,0.517857,0
338,1264,0,0.517857,0
549,1676,0,0.517857,0
551,1677,0,0.517857,0
788,1225,1,0.517857,1
238,1085,0,0.517544,0
43,1893,0,0.517241,0
66,1134,0,0.517241,0
440,1661,1,0.517241,0
441,1636,1,0.517241,0
628,1554,1,0.516854,0
772,1913,1,0.515625,1
1036,2160,1,0.515625,1
143,1255,1,0.515152,1
364,1490,0,0.515152,0
364,1633,0,0.515152,0
478,1962,0,0.515152,0
486,1490,0,0.515152,0
486,1491,0,0.515152,0
918,2090,0,0.515152,0
918,2092,0,0.515152,0
920,2089,0,0.515152,0
921,2089,0,0.515152,0
988,2042,0,0.515152,0
30,1123,0,0.513889,0
686,1711,0,0.513889,0
910,2055,1,0.513889,0
332,1468,1,0.513514,1
446,1655,1,0.513514,1
614,1811,1,0.513514,1
1005,1578,1,0.513514,1
534,1714,0,0.5125,0
534,1715,0,0.5125,0
534,1716,0,0.5125,0
534,1723,0,0.5125,0
539,1565,1,0.5125,0
432,1241,0,0.512195,0
959,1175,0,0.511905,0
443,1662,1,0.511364,0
627,1553,1,0.511364,0
629,1555,1,0.511364,0
45,1276,1,0.511111,1
797,1318,0,0.511111,0
670,1668,0,0.5108699999999999,0
1012,1720,0,0.510417,0
269,1426,0,0.51,0
421,1357,0,0.509434,0
421,1539,0,0.509434,0
498,2139,0,0.509434,0
802,1209,0,0.509434,0
94,1179,1,0.508475,1
352,1515,0,0.508475,0
496,1713,0,0.508475,0
533,1844,0,0.508475,0
533,1845,0,0.508475,0
533,1948,0,0.508475,0
885,1935,1,0.508475,1
306,2054,0,0.508197,0
626,1945,0,0.508197,0
774,1890,1,0.508197,0
775,1889,1,0.508197,0
775,1890,0,0.508197,0
902,2073,0,0.508197,0
73,1159,0,0.507937,1
597,1666,1,0.507246,0
31,1125,0,0.506849,0
392,1344,1,0.506849,0
445,1926,0,0.506667,0
445,2008,0,0.506667,0
1071,1465,1,0.506667,0
405,1710,1,0.506329,1
1006,1446,0,0.5057470000000001,1
23,1144,1,0.5,0
38,1476,0,0.5,0
42,1894,0,0.5,0
88,1134,0,0.5,0
97,1170,1,0.5,0
116,1154,0,0.5,0
164,1317,1,0.5,1
185,1357,1,0.5,0
204,1357,0,0.5,0
220,1367,1,0.5,1
277,1387,1,0.5,1
293,1171,0,0.5,0
293,1314,0,0.5,0
299,1506,0,0.5,0
343,1500,1,0.5,0
371,1557,1,0.5,0
385,1520,1,0.5,1
479,1531,0,0.5,0
482,1875,0,0.5,0
484,1873,0,0.5,0
512,1747,0,0.5,0
626,2031,0,0.5,0
665,1714,0,0.5,0
665,1716,0,0.5,0
665,1723,0,0.5,0
736,1857,1,0.5,0
765,1716,0,0.5,0
783,1372,0,0.5,0
901,1713,0,0.5,0
915,2087,0,0.5,0
915,2088,0,0.5,0
916,2086,0,0.5,0
917,2086,0,0.5,0
980,2139,1,0.5,0
985,2121,1,0.5,0
994,1737,0,0.5,0
920,2090,1,0.8,1
921,2092,1,0.8,1
1058,2096,1,0.8,1
831,1601,1,0.7971010000000001,1
916,2087,1,0.796296,1
917,2088,1,0.796296,0
345,1192,1,0.791667,1
1046,1608,1,0.786517,1
363,1702,1,0.785714,1
406,1634,1,0.785714,1
413,1534,1,0.782609,1
228,1207,1,0.781818,1
1032,1532,1,0.7796609999999999,1
531,1791,0,0.7735850000000001,0
1023,1571,1,0.768116,1
58,1188,1,0.764706,1
532,1845,1,0.763636,0
798,1341,1,0.763158,1
173,1342,1,0.76,1
422,1477,1,0.757576,1
235,1577,1,0.7560979999999999,1
374,1263,1,0.755556,1
617,1569,0,0.755102,0
532,1791,0,0.754717,0
81,1157,1,0.75,1
531,1948,1,0.75,0
2,1236,1,0.741379,1
1022,1197,1,0.740741,1
478,1926,1,0.736842,1
483,2008,1,0.736842,1
271,1426,1,0.7341770000000001,1
482,1873,1,0.732143,1
113,1133,1,0.730769,1
372,1415,0,0.729412,0
115,1206,1,0.727273,1
322,1561,1,0.727273,1
481,1874,1,0.727273,1
484,1875,1,0.727273,1
530,1791,0,0.727273,0
659,1752,1,0.727273,1
660,1754,1,0.727273,1
661,1753,1,0.727273,1
662,1751,1,0.727273,1
407,1568,0,0.72549,0
48,1145,0,0.722222,1
49,1145,1,0.722222,1
268,1430,1,0.720588,0
971,1764,1,0.72,1
1081,1099,1,0.714286,1
1070,1370,0,0.709677,0
1013,2010,1,0.709091,1
195,1163,1,0.706897,1
555,1584,1,0.706667,0
1047,2044,1,0.705882,1
455,1531,1,0.704918,1
659,1703,0,0.704918,0
496,1711,1,0.701754,1
532,1844,0,0.701754,0
532,1948,0,0.701754,0
117,1107,1,0.701493,1
967,2150,1,0.7,1
398,1370,1,0.8909090000000001,1
978,1484,1,0.883333,1
994,1187,1,0.882353,1
761,1551,1,0.8809520000000001,1
259,1288,1,0.87234,1
319,1794,1,0.8717950000000001,1
617,1568,1,0.8695649999999999,1
354,1515,1,0.8684209999999999,1
269,1429,1,0.8651690000000001,1
372,1371,1,0.860759,1
663,1703,1,0.859649,1
49,1161,0,0.837838,0
283,1196,1,0.836735,1
1021,1895,1,0.836066,1
407,1569,1,0.833333,1
243,1366,1,0.830189,1
786,1517,1,0.829268,0
518,1487,1,0.8245610000000001,1
1070,1600,1,0.8245610000000001,1
973,1760,1,0.821918,1
403,1482,1,0.820896,1
873,1690,1,0.818182,1
1035,1545,1,0.818182,1
974,1449,1,0.814286,1
529,1791,1,0.807692,1
404,1186,1,0.803922,1
915,2086,1,0.803571,1
918,2089,1,0.803571,1
920,2090,1,0.8,1
921,2092,1,0.8,1
1058,2096,1,0.8,1
7,1295,1,1.0,1
27,1283,1,1.0,1
48,1161,1,1.0,1
145,1360,1,1.0,1
390,1695,1,1.0,1
673,1991,1,1.0,1
780,1737,1,1.0,1
802,1148,1,1.0,1
1003,1331,1,1.0,1
1049,1817,1,1.0,1
